State,County,County Median Household Income,State Median Household Income
Alabama,Autauga,62660,54943
Alabama,Baldwin,64346,54943
Alabama,Barbour,36422,54943
Alabama,Bibb,54277,54943
Alabama,Blount,52830,54943
Alabama,Bullock,29063,54943
Alabama,Butler,45236,54943
Alabama,Calhoun,50977,54943
Alabama,Chambers,47232,54943
Alabama,Cherokee,43475,54943
Alabama,Chilton,56243,54943
Alabama,Choctaw,38581,54943
Alabama,Clarke,44108,54943
Alabama,Clay,45163,54943
Alabama,Cleburne,48333,54943
Alabama,Coffee,59034,54943
Alabama,Colbert,52017,54943
Alabama,Conecuh,37986,54943
Alabama,Coosa,50013,54943
Alabama,Covington,46186,54943
Alabama,Crenshaw,43103,54943
Alabama,Cullman,52690,54943
Alabama,Dale,50052,54943
Alabama,Dallas,34957,54943
Alabama,DeKalb,44037,54943
Alabama,Elmore,67597,54943
Alabama,Escambia,38464,54943
Alabama,Etowah,46984,54943
Alabama,Fayette,43960,54943
Alabama,Franklin,43633,54943
Alabama,Geneva,43581,54943
Alabama,Greene,28826,54943
Alabama,Hale,32294,54943
Alabama,Henry,55870,54943
Alabama,Houston,50222,54943
Alabama,Jackson,43785,54943
Alabama,Jefferson,58330,54943
Alabama,Lamar,43324,54943
Alabama,Lauderdale,50000,54943
Alabama,Lawrence,51712,54943
Alabama,Lee,57191,54943
Alabama,Limestone,70736,54943
Alabama,Lowndes,31961,54943
Alabama,Macon,39303,54943
Alabama,Madison,71153,54943
Alabama,Marengo,35379,54943
Alabama,Marion,44551,54943
Alabama,Marshall,52938,54943
Alabama,Mobile,51169,54943
Alabama,Monroe,32631,54943
Alabama,Montgomery,52511,54943
Alabama,Morgan,56128,54943
Alabama,Perry,27057,54943
Alabama,Pickens,43389,54943
Alabama,Pike,40106,54943
Alabama,Randolph,47081,54943
Alabama,Russell,44065,54943
Alabama,St. Clair,65070,54943
Alabama,Shelby,82592,54943
Alabama,Sumter,27099,54943
Alabama,Talladega,45400,54943
Alabama,Tallapoosa,50652,54943
Alabama,Tuscaloosa,57508,54943
Alabama,Walker,47442,54943
Alabama,Washington,44512,54943
Alabama,Wilcox,36385,54943
Alabama,Winston,46096,54943
Alaska,Aleutians East Borough,72258,80287
Alaska,Aleutians West Census Area,90708,80287
Alaska,Anchorage Municipality,88871,80287
Alaska,Bethel Census Area,57460,80287
Alaska,Bristol Bay Borough,81563,80287
Alaska,Chugach Census Area,87868,80287
Alaska,Copper River Census Area,67439,80287
Alaska,Denali Borough,78750,80287
Alaska,Dillingham Census Area,62115,80287
Alaska,Fairbanks North Star Borough,78321,80287
Alaska,Haines Borough,63355,80287
Alaska,Hoonah-Angoon Census Area,55990,80287
Alaska,Juneau City and Borough,90126,80287
Alaska,Kenai Peninsula Borough,70609,80287
Alaska,Ketchikan Gateway Borough,77820,80287
Alaska,Kodiak Island Borough,83765,80287
Alaska,Kusilvak Census Area,37975,80287
Alaska,Lake and Peninsula Borough,49688,80287
Alaska,Matanuska-Susitna Borough,79300,80287
Alaska,Nome Census Area,63977,80287
Alaska,North Slope Borough,83992,80287
Alaska,Northwest Arctic Borough,68654,80287
Alaska,Petersburg Borough,71696,80287
Alaska,Prince of Wales-Hyder Census Area,55857,80287
Alaska,Sitka City and Borough,82083,80287
Alaska,Skagway Municipality,75000,80287
Alaska,Southeast Fairbanks Census Area,68634,80287
Alaska,Wrangell City and Borough,54891,80287
Alaska,Yakutat City and Borough,72083,80287
Alaska,Yukon-Koyukuk Census Area,43405,80287
Arizona,Apache,34788,65913
Arizona,Cochise,55077,65913
Arizona,Coconino,61888,65913
Arizona,Gila,51406,65913
Arizona,Graham,57105,65913
Arizona,Greenlee,67723,65913
Arizona,La Paz,39732,65913
Arizona,Maricopa,72944,65913
Arizona,Mohave,49738,65913
Arizona,Navajo,46126,65913
Arizona,Pima,59215,65913
Arizona,Pinal,65488,65913
Arizona,Santa Cruz,45089,65913
Arizona,Yavapai,56170,65913
Arizona,Yuma,52563,65913
Arkansas,Arkansas,55022,52123
Arkansas,Ashley,42683,52123
Arkansas,Baxter,43530,52123
Arkansas,Benton,76887,52123
Arkansas,Boone,48625,52123
Arkansas,Bradley,41972,52123
Arkansas,Calhoun,55904,52123
Arkansas,Carroll,53366,52123
Arkansas,Chicot,33770,52123
Arkansas,Clark,45351,52123
Arkansas,Clay,39817,52123
Arkansas,Cleburne,48400,52123
Arkansas,Cleveland,48183,52123
Arkansas,Columbia,41115,52123
Arkansas,Conway,45812,52123
Arkansas,Craighead,51788,52123
Arkansas,Crawford,52057,52123
Arkansas,Crittenden,46452,52123
Arkansas,Cross,45247,52123
Arkansas,Dallas,34337,52123
Arkansas,Desha,33295,52123
Arkansas,Drew,42891,52123
Arkansas,Faulkner,54845,52123
Arkansas,Franklin,42128,52123
Arkansas,Fulton,36950,52123
Arkansas,Garland,49985,52123
Arkansas,Grant,62479,52123
Arkansas,Greene,51367,52123
Arkansas,Hempstead,43592,52123
Arkansas,Hot Spring,46724,52123
Arkansas,Howard,39558,52123
Arkansas,Independence,50028,52123
Arkansas,Izard,45318,52123
Arkansas,Jackson,39154,52123
Arkansas,Jefferson,43720,52123
Arkansas,Johnson,40628,52123
Arkansas,Lafayette,36083,52123
Arkansas,Lawrence,40746,52123
Arkansas,Lee,29082,52123
Arkansas,Lincoln,49474,52123
Arkansas,Little River,57614,52123
Arkansas,Logan,46570,52123
Arkansas,Lonoke,62561,52123
Arkansas,Madison,47862,52123
Arkansas,Marion,41038,52123
Arkansas,Miller,46610,52123
Arkansas,Mississippi,45740,52123
Arkansas,Monroe,41667,52123
Arkansas,Montgomery,41032,52123
Arkansas,Nevada,42670,52123
Arkansas,Newton,42817,52123
Arkansas,Ouachita,43338,52123
Arkansas,Perry,47500,52123
Arkansas,Phillips,32235,52123
Arkansas,Pike,46672,52123
Arkansas,Poinsett,42854,52123
Arkansas,Polk,43444,52123
Arkansas,Pope,47322,52123
Arkansas,Prairie,47335,52123
Arkansas,Pulaski,55235,52123
Arkansas,Randolph,42225,52123
Arkansas,St. Francis,34981,52123
Arkansas,Saline,68605,52123
Arkansas,Scott,43577,52123
Arkansas,Searcy,39627,52123
Arkansas,Sebastian,50226,52123
Arkansas,Sevier,49470,52123
Arkansas,Sharp,37361,52123
Arkansas,Stone,32813,52123
Arkansas,Union,46444,52123
Arkansas,Van Buren,40763,52123
Arkansas,Washington,56610,52123
Arkansas,White,46345,52123
Arkansas,Woodruff,43717,52123
Arkansas,Yell,51070,52123
California,Alameda,112017,84097
California,Alpine,96000,84097
California,Amador,69955,84097
California,Butte,59863,84097
California,Calaveras,70119,84097
California,Colusa,61861,84097
California,Contra Costa,110455,84097
California,Del Norte,53280,84097
California,El Dorado,88770,84097
California,Fresno,61276,84097
California,Glenn,56332,84097
California,Humboldt,53350,84097
California,Imperial,49078,84097
California,Inyo,60925,84097
California,Kern,58824,84097
California,Kings,63267,84097
California,Lake,53399,84097
California,Lassen,59292,84097
California,Los Angeles,76367,84097
California,Madera,66709,84097
California,Marin,131008,84097
California,Mariposa,53304,84097
California,Mendocino,56378,84097
California,Merced,58861,84097
California,Modoc,51090,84097
California,Mono,71138,84097
California,Monterey,82013,84097
California,Napa,97498,84097
California,Nevada,74617,84097
California,Orange,100485,84097
California,Placer,99734,84097
California,Plumas,57885,84097
California,Riverside,76066,84097
California,Sacramento,76422,84097
California,San Benito,95606,84097
California,San Bernardino,70287,84097
California,San Diego,88240,84097
California,San Francisco,126187,84097
California,San Joaquin,74962,84097
California,San Luis Obispo,82514,84097
California,San Mateo,136837,84097
California,Santa Barbara,84356,84097
California,Santa Clara,140258,84097
California,Santa Cruz,96093,84097
California,Shasta,61937,84097
California,Sierra,56152,84097
California,Siskiyou,49857,84097
California,Solano,89648,84097
California,Sonoma,91607,84097
California,Stanislaus,68368,84097
California,Sutter,67003,84097
California,Tehama,52901,84097
California,Trinity,42206,84097
California,Tulare,57394,84097
California,Tuolumne,66846,84097
California,Ventura,94150,84097
California,Yolo,78386,84097
California,Yuba,62666,84097
Colorado,Adams,78304,80184
Colorado,Alamosa,46217,80184
Colorado,Arapahoe,84947,80184
Colorado,Archuleta,62907,80184
Colorado,Baca,39891,80184
Colorado,Bent,40972,80184
Colorado,Boulder,92466,80184
Colorado,Broomfield,107570,80184
Colorado,Chaffee,61216,80184
Colorado,Cheyenne,69063,80184
Colorado,Clear Creek,76313,80184
Colorado,Conejos,38536,80184
Colorado,Costilla,35000,80184
Colorado,Crowley,37870,80184
Colorado,Custer,59877,80184
Colorado,Delta,51803,80184
Colorado,Denver,78177,80184
Colorado,Dolores,62500,80184
Colorado,Douglas,127443,80184
Colorado,Eagle,91338,80184
Colorado,Elbert,114904,80184
Colorado,El Paso,75909,80184
Colorado,Fremont,53411,80184
Colorado,Garfield,77212,80184
Colorado,Gilpin,96784,80184
Colorado,Grand,69353,80184
Colorado,Gunnison,63341,80184
Colorado,Hinsdale,45714,80184
Colorado,Huerfano,45724,80184
Colorado,Jackson,44667,80184
Colorado,Jefferson,93933,80184
Colorado,Kiowa,45476,80184
Colorado,Kit Carson,52917,80184
Colorado,Lake,73099,80184
Colorado,La Plata,75089,80184
Colorado,Larimer,80664,80184
Colorado,Las Animas,45118,80184
Colorado,Lincoln,46894,80184
Colorado,Logan,50998,80184
Colorado,Mesa,62127,80184
Colorado,Mineral,55556,80184
Colorado,Moffat,58583,80184
Colorado,Montezuma,58335,80184
Colorado,Montrose,57225,80184
Colorado,Morgan,62914,80184
Colorado,Otero,45826,80184
Colorado,Ouray,67228,80184
Colorado,Park,77775,80184
Colorado,Phillips,50951,80184
Colorado,Pitkin,92708,80184
Colorado,Prowers,44984,80184
Colorado,Pueblo,53430,80184
Colorado,Rio Blanco,58239,80184
Colorado,Rio Grande,50287,80184
Colorado,Routt,83725,80184
Colorado,Saguache,48413,80184
Colorado,San Juan,63333,80184
Colorado,San Miguel,70965,80184
Colorado,Sedgwick,44405,80184
Colorado,Summit,93505,80184
Colorado,Teller,68677,80184
Colorado,Washington,54141,80184
Colorado,Weld,80843,80184
Colorado,Yuma,56327,80184
Connecticut,Fairfield,101194,83572
Connecticut,Hartford,80320,83572
Connecticut,Litchfield,84797,83572
Connecticut,Middlesex,90833,83572
Connecticut,New Haven,75043,83572
Connecticut,New London,79040,83572
Connecticut,Tolland,88525,83572
Connecticut,Windham,71418,83572
Delaware,Kent,63715,72724
Delaware,New Castle,78428,72724
Delaware,Sussex,68886,72724
District of Columbia,District of Columbia,93547,93547
Florida,Alachua,53314,61777
Florida,Baker,63860,61777
Florida,Bay,60473,61777
Florida,Bradford,48803,61777
Florida,Brevard,63632,61777
Florida,Broward,64522,61777
Florida,Calhoun,38098,61777
Florida,Charlotte,57887,61777
Florida,Citrus,48664,61777
Florida,Clay,74059,61777
Florida,Collier,75543,61777
Florida,Columbia,47750,61777
Florida,DeSoto,39945,61777
Florida,Dixie,44287,61777
Florida,Duval,59541,61777
Florida,Escambia,56605,61777
Florida,Flagler,62305,61777
Florida,Franklin,52679,61777
Florida,Gadsden,42661,61777
Florida,Gilchrist,50983,61777
Florida,Glades,38088,61777
Florida,Gulf,53812,61777
Florida,Hamilton,39346,61777
Florida,Hardee,41395,61777
Florida,Hendry,38843,61777
Florida,Hernando,53301,61777
Florida,Highlands,46895,61777
Florida,Hillsborough,64164,61777
Florida,Holmes,41809,61777
Florida,Indian River,61594,61777
Florida,Jackson,43416,61777
Florida,Jefferson,53080,61777
Florida,Lafayette,56458,61777
Florida,Lake,60013,61777
Florida,Lee,63235,61777
Florida,Leon,57359,61777
Florida,Levy,43029,61777
Florida,Liberty,42438,61777
Florida,Madison,39503,61777
Florida,Manatee,64964,61777
Florida,Marion,50808,61777
Florida,Martin,69769,61777
Florida,Miami-Dade,57815,61777
Florida,Monroe,73153,61777
Florida,Nassau,77504,61777
Florida,Okaloosa,67390,61777
Florida,Okeechobee,47020,61777
Florida,Orange,65784,61777
Florida,Osceola,58513,61777
Florida,Palm Beach,68874,61777
Florida,Pasco,58084,61777
Florida,Pinellas,60451,61777
Florida,Polk,55099,61777
Florida,Putnam,39975,61777
Florida,St. Johns,88794,61777
Florida,St. Lucie,59807,61777
Florida,Santa Rosa,77260,61777
Florida,Sarasota,69490,61777
Florida,Seminole,73002,61777
Florida,Sumter,63323,61777
Florida,Suwannee,47218,61777
Florida,Taylor,43563,61777
Florida,Union,55463,61777
Florida,Volusia,56786,61777
Florida,Wakulla,72941,61777
Florida,Walton,68111,61777
Florida,Washington,41806,61777
Georgia,Appling,39588,65030
Georgia,Atkinson,35741,65030
Georgia,Bacon,40391,65030
Georgia,Baker,33417,65030
Georgia,Baldwin,50413,65030
Georgia,Banks,57893,65030
Georgia,Barrow,68365,65030
Georgia,Bartow,65559,65030
Georgia,Ben Hill,34455,65030
Georgia,Berrien,44907,65030
Georgia,Bibb,43862,65030
Georgia,Bleckley,48786,65030
Georgia,Brantley,38211,65030
Georgia,Brooks,39770,65030
Georgia,Bryan,81032,65030
Georgia,Bulloch,50583,65030
Georgia,Burke,47837,65030
Georgia,Butts,53613,65030
Georgia,Calhoun,43549,65030
Georgia,Camden,61636,65030
Georgia,Candler,36763,65030
Georgia,Carroll,62498,65030
Georgia,Catoosa,62669,65030
Georgia,Charlton,45494,65030
Georgia,Chatham,61064,65030
Georgia,Chattahoochee,50018,65030
Georgia,Chattooga,37946,65030
Georgia,Cherokee,90681,65030
Georgia,Clarke,44070,65030
Georgia,Clay,35893,65030
Georgia,Clayton,51945,65030
Georgia,Clinch,47750,65030
Georgia,Cobb,86013,65030
Georgia,Coffee,44450,65030
Georgia,Colquitt,41623,65030
Georgia,Columbia,85928,65030
Georgia,Cook,45702,65030
Georgia,Coweta,83486,65030
Georgia,Crawford,53132,65030
Georgia,Crisp,41605,65030
Georgia,Dade,47675,65030
Georgia,Dawson,77630,65030
Georgia,Decatur,45134,65030
Georgia,DeKalb,69423,65030
Georgia,Dodge,41362,65030
Georgia,Dooly,39641,65030
Georgia,Dougherty,42225,65030
Georgia,Douglas,67731,65030
Georgia,Early,39665,65030
Georgia,Echols,45151,65030
Georgia,Effingham,72279,65030
Georgia,Elbert,39904,65030
Georgia,Emanuel,42880,65030
Georgia,Evans,49325,65030
Georgia,Fannin,49810,65030
Georgia,Fayette,96084,65030
Georgia,Floyd,52388,65030
Georgia,Forsyth,120999,65030
Georgia,Franklin,49636,65030
Georgia,Fulton,77635,65030
Georgia,Gilmer,60504,65030
Georgia,Glascock,53125,65030
Georgia,Glynn,60775,65030
Georgia,Gordon,50520,65030
Georgia,Grady,47721,65030
Georgia,Greene,65759,65030
Georgia,Gwinnett,75853,65030
Georgia,Habersham,56680,65030
Georgia,Hall,67571,65030
Georgia,Hancock,33946,65030
Georgia,Haralson,57752,65030
Georgia,Harris,82244,65030
Georgia,Hart,54506,65030
Georgia,Heard,55635,65030
Georgia,Henry,73491,65030
Georgia,Houston,70313,65030
Georgia,Irwin,42312,65030
Georgia,Jackson,73455,65030
Georgia,Jasper,52322,65030
Georgia,Jeff Davis,39668,65030
Georgia,Jefferson,42238,65030
Georgia,Jenkins,29061,65030
Georgia,Johnson,46292,65030
Georgia,Jones,61701,65030
Georgia,Lamar,53802,65030
Georgia,Lanier,33956,65030
Georgia,Laurens,42315,65030
Georgia,Lee,74935,65030
Georgia,Liberty,50617,65030
Georgia,Lincoln,44087,65030
Georgia,Long,52742,65030
Georgia,Lowndes,48703,65030
Georgia,Lumpkin,64179,65030
Georgia,McDuffie,50721,65030
Georgia,McIntosh,49951,65030
Georgia,Macon,33163,65030
Georgia,Madison,51854,65030
Georgia,Marion,47250,65030
Georgia,Meriwether,46789,65030
Georgia,Miller,51983,65030
Georgia,Mitchell,43427,65030
Georgia,Monroe,67154,65030
Georgia,Montgomery,48717,65030
Georgia,Morgan,71000,65030
Georgia,Murray,53821,65030
Georgia,Muscogee,50542,65030
Georgia,Newton,64767,65030
Georgia,Oconee,106165,65030
Georgia,Oglethorpe,58791,65030
Georgia,Paulding,80234,65030
Georgia,Peach,53215,65030
Georgia,Pickens,71637,65030
Georgia,Pierce,50820,65030
Georgia,Pike,76152,65030
Georgia,Polk,48958,65030
Georgia,Pulaski,44946,65030
Georgia,Putnam,55757,65030
Georgia,Quitman,31594,65030
Georgia,Rabun,48652,65030
Georgia,Randolph,28870,65030
Georgia,Richmond,46237,65030
Georgia,Rockdale,64230,65030
Georgia,Schley,50586,65030
Georgia,Screven,43167,65030
Georgia,Seminole,40579,65030
Georgia,Spalding,51972,65030
Georgia,Stephens,50194,65030
Georgia,Stewart,39020,65030
Georgia,Sumter,36687,65030
Georgia,Talbot,40719,65030
Georgia,Taliaferro,39670,65030
Georgia,Tattnall,49977,65030
Georgia,Taylor,36293,65030
Georgia,Telfair,42971,65030
Georgia,Terrell,38879,65030
Georgia,Thomas,52315,65030
Georgia,Tift,46245,65030
Georgia,Toombs,42975,65030
Georgia,Towns,53084,65030
Georgia,Treutlen,35441,65030
Georgia,Troup,49042,65030
Georgia,Turner,35828,65030
Georgia,Twiggs,45824,65030
Georgia,Union,52509,65030
Georgia,Upson,43257,65030
Georgia,Walker,48633,65030
Georgia,Walton,71692,65030
Georgia,Ware,39419,65030
Georgia,Warren,37309,65030
Georgia,Washington,39350,65030
Georgia,Wayne,45115,65030
Georgia,Webster,32083,65030
Georgia,Wheeler,26776,65030
Georgia,White,64729,65030
Georgia,Whitfield,52439,65030
Georgia,Wilcox,41406,65030
Georgia,Wilkes,43859,65030
Georgia,Wilkinson,34680,65030
Georgia,Worth,54791,65030
Hawaii,Hawaii,68399,88005
Hawaii,Honolulu,92600,88005
Hawaii,Kalawao,79583,88005
Hawaii,Kauai,86287,88005
Hawaii,Maui,88249,88005
Idaho,Ada,75115,63377
Idaho,Adams,52746,63377
Idaho,Bannock,56472,63377
Idaho,Bear Lake,60337,63377
Idaho,Benewah,50257,63377
Idaho,Bingham,63106,63377
Idaho,Blaine,71749,63377
Idaho,Boise,64125,63377
Idaho,Bonner,55206,63377
Idaho,Bonneville,64928,63377
Idaho,Boundary,51261,63377
Idaho,Butte,41552,63377
Idaho,Camas,37367,63377
Idaho,Canyon,60716,63377
Idaho,Caribou,65528,63377
Idaho,Cassia,57547,63377
Idaho,Clark,48088,63377
Idaho,Clearwater,50787,63377
Idaho,Custer,47663,63377
Idaho,Elmore,48475,63377
Idaho,Franklin,56677,63377
Idaho,Fremont,61875,63377
Idaho,Gem,59957,63377
Idaho,Gooding,56734,63377
Idaho,Idaho,47508,63377
Idaho,Jefferson,69097,63377
Idaho,Jerome,61280,63377
Idaho,Kootenai,64936,63377
Idaho,Latah,56673,63377
Idaho,Lemhi,46105,63377
Idaho,Lewis,44028,63377
Idaho,Lincoln,55988,63377
Idaho,Madison,53498,63377
Idaho,Minidoka,56140,63377
Idaho,Nez Perce,61810,63377
Idaho,Oneida,64766,63377
Idaho,Owyhee,54669,63377
Idaho,Payette,59540,63377
Idaho,Power,52116,63377
Idaho,Shoshone,43188,63377
Idaho,Teton,75837,63377
Idaho,Twin Falls,57430,63377
Idaho,Valley,67528,63377
Idaho,Washington,45065,63377
Illinois,Adams,58587,72563
Illinois,Alexander,39871,72563
Illinois,Bond,53654,72563
Illinois,Boone,74076,72563
Illinois,Brown,59346,72563
Illinois,Bureau,59407,72563
Illinois,Calhoun,74792,72563
Illinois,Carroll,54959,72563
Illinois,Cass,58364,72563
Illinois,Champaign,56939,72563
Illinois,Christian,53188,72563
Illinois,Clark,66067,72563
Illinois,Clay,53900,72563
Illinois,Clinton,72468,72563
Illinois,Coles,48534,72563
Illinois,Cook,72121,72563
Illinois,Crawford,54942,72563
Illinois,Cumberland,66530,72563
Illinois,DeKalb,64019,72563
Illinois,De Witt,60401,72563
Illinois,Douglas,63142,72563
Illinois,DuPage,100292,72563
Illinois,Edgar,50843,72563
Illinois,Edwards,55833,72563
Illinois,Effingham,65590,72563
Illinois,Fayette,47744,72563
Illinois,Ford,55011,72563
Illinois,Franklin,47751,72563
Illinois,Fulton,53441,72563
Illinois,Gallatin,52597,72563
Illinois,Greene,54427,72563
Illinois,Grundy,81764,72563
Illinois,Hamilton,58306,72563
Illinois,Hancock,58188,72563
Illinois,Hardin,51738,72563
Illinois,Henderson,62202,72563
Illinois,Henry,62097,72563
Illinois,Iroquois,58481,72563
Illinois,Jackson,41699,72563
Illinois,Jasper,60237,72563
Illinois,Jefferson,54692,72563
Illinois,Jersey,71655,72563
Illinois,Jo Daviess,61289,72563
Illinois,Johnson,58502,72563
Illinois,Kane,88935,72563
Illinois,Kankakee,61664,72563
Illinois,Kendall,101816,72563
Illinois,Knox,45994,72563
Illinois,Lake,97127,72563
Illinois,LaSalle,62825,72563
Illinois,Lawrence,52020,72563
Illinois,Lee,62250,72563
Illinois,Livingston,61419,72563
Illinois,Logan,59809,72563
Illinois,McDonough,45704,72563
Illinois,McHenry,93801,72563
Illinois,McLean,70339,72563
Illinois,Macon,55954,72563
Illinois,Macoupin,58227,72563
Illinois,Madison,66882,72563
Illinois,Marion,53209,72563
Illinois,Marshall,60231,72563
Illinois,Mason,54415,72563
Illinois,Massac,57658,72563
Illinois,Menard,79743,72563
Illinois,Mercer,59972,72563
Illinois,Monroe,92950,72563
Illinois,Montgomery,59309,72563
Illinois,Morgan,55261,72563
Illinois,Moultrie,67309,72563
Illinois,Ogle,67534,72563
Illinois,Peoria,58426,72563
Illinois,Perry,53108,72563
Illinois,Piatt,77559,72563
Illinois,Pike,51529,72563
Illinois,Pope,48013,72563
Illinois,Pulaski,40197,72563
Illinois,Putnam,67419,72563
Illinois,Randolph,58093,72563
Illinois,Richland,59963,72563
Illinois,Rock Island,58974,72563
Illinois,St. Clair,63017,72563
Illinois,Saline,47541,72563
Illinois,Sangamon,66149,72563
Illinois,Schuyler,58447,72563
Illinois,Scott,63555,72563
Illinois,Shelby,60103,72563
Illinois,Stark,55109,72563
Illinois,Stephenson,53806,72563
Illinois,Tazewell,68860,72563
Illinois,Union,53363,72563
Illinois,Vermilion,49063,72563
Illinois,Wabash,49680,72563
Illinois,Warren,59673,72563
Illinois,Washington,67030,72563
Illinois,Wayne,51540,72563
Illinois,White,51351,72563
Illinois,Whiteside,59812,72563
Illinois,Will,95751,72563
Illinois,Williamson,54682,72563
Illinois,Winnebago,57779,72563
Illinois,Woodford,76486,72563
Indiana,Adams,56037,61944
Indiana,Allen,61456,61944
Indiana,Bartholomew,71183,61944
Indiana,Benton,56155,61944
Indiana,Blackford,45080,61944
Indiana,Boone,94843,61944
Indiana,Brown,67737,61944
Indiana,Carroll,56929,61944
Indiana,Cass,51776,61944
Indiana,Clark,62296,61944
Indiana,Clay,63361,61944
Indiana,Clinton,55582,61944
Indiana,Crawford,42465,61944
Indiana,Daviess,57083,61944
Indiana,Dearborn,72674,61944
Indiana,Decatur,65000,61944
Indiana,DeKalb,60757,61944
Indiana,Delaware,49321,61944
Indiana,Dubois,65389,61944
Indiana,Elkhart,61182,61944
Indiana,Fayette,48101,61944
Indiana,Floyd,69858,61944
Indiana,Fountain,54475,61944
Indiana,Franklin,69440,61944
Indiana,Fulton,56885,61944
Indiana,Gibson,59697,61944
Indiana,Grant,50009,61944
Indiana,Greene,55470,61944
Indiana,Hamilton,104858,61944
Indiana,Hancock,79126,61944
Indiana,Harrison,63586,61944
Indiana,Hendricks,87961,61944
Indiana,Henry,54154,61944
Indiana,Howard,59238,61944
Indiana,Huntington,56705,61944
Indiana,Jackson,59504,61944
Indiana,Jasper,69632,61944
Indiana,Jay,48904,61944
Indiana,Jefferson,53784,61944
Indiana,Jennings,63612,61944
Indiana,Johnson,77977,61944
Indiana,Knox,51784,61944
Indiana,Kosciusko,66764,61944
Indiana,LaGrange,75624,61944
Indiana,Lake,62052,61944
Indiana,LaPorte,60226,61944
Indiana,Lawrence,60041,61944
Indiana,Madison,54491,61944
Indiana,Marion,54601,61944
Indiana,Marshall,58296,61944
Indiana,Martin,57199,61944
Indiana,Miami,53762,61944
Indiana,Monroe,54096,61944
Indiana,Montgomery,58311,61944
Indiana,Morgan,71882,61944
Indiana,Newton,62306,61944
Indiana,Noble,63292,61944
Indiana,Ohio,63036,61944
Indiana,Orange,56572,61944
Indiana,Owen,53831,61944
Indiana,Parke,57156,61944
Indiana,Perry,54387,61944
Indiana,Pike,57283,61944
Indiana,Porter,76736,61944
Indiana,Posey,69323,61944
Indiana,Pulaski,52098,61944
Indiana,Putnam,64993,61944
Indiana,Randolph,54912,61944
Indiana,Ripley,64221,61944
Indiana,Rush,58887,61944
Indiana,St. Joseph,58599,61944
Indiana,Scott,45794,61944
Indiana,Shelby,64070,61944
Indiana,Spencer,59624,61944
Indiana,Starke,52802,61944
Indiana,Steuben,61698,61944
Indiana,Sullivan,49393,61944
Indiana,Switzerland,56268,61944
Indiana,Tippecanoe,53468,61944
Indiana,Tipton,65983,61944
Indiana,Union,60750,61944
Indiana,Vanderburgh,54044,61944
Indiana,Vermillion,53396,61944
Indiana,Vigo,48552,61944
Indiana,Wabash,59611,61944
Indiana,Warren,68136,61944
Indiana,Warrick,85613,61944
Indiana,Washington,53932,61944
Indiana,Wayne,49952,61944
Indiana,Wells,62802,61944
Indiana,White,60327,61944
Indiana,Whitley,67716,61944
Iowa,Adair,57944,65429
Iowa,Adams,57981,65429
Iowa,Allamakee,59461,65429
Iowa,Appanoose,46900,65429
Iowa,Audubon,54643,65429
Iowa,Benton,72334,65429
Iowa,Black Hawk,57191,65429
Iowa,Boone,70984,65429
Iowa,Bremer,76782,65429
Iowa,Buchanan,71024,65429
Iowa,Buena Vista,53645,65429
Iowa,Butler,61109,65429
Iowa,Calhoun,60434,65429
Iowa,Carroll,61157,65429
Iowa,Cass,55395,65429
Iowa,Cedar,72714,65429
Iowa,Cerro Gordo,58271,65429
Iowa,Cherokee,59881,65429
Iowa,Chickasaw,67146,65429
Iowa,Clarke,58617,65429
Iowa,Clay,52307,65429
Iowa,Clayton,58148,65429
Iowa,Clinton,56345,65429
Iowa,Crawford,55552,65429
Iowa,Dallas,93492,65429
Iowa,Davis,76755,65429
Iowa,Decatur,52753,65429
Iowa,Delaware,69319,65429
Iowa,Des Moines,54318,65429
Iowa,Dickinson,65215,65429
Iowa,Dubuque,68198,65429
Iowa,Emmet,58357,65429
Iowa,Fayette,50973,65429
Iowa,Floyd,55827,65429
Iowa,Franklin,59019,65429
Iowa,Fremont,63611,65429
Iowa,Greene,52768,65429
Iowa,Grundy,74552,65429
Iowa,Guthrie,67625,65429
Iowa,Hamilton,62183,65429
Iowa,Hancock,64730,65429
Iowa,Hardin,58845,65429
Iowa,Harrison,67950,65429
Iowa,Henry,58767,65429
Iowa,Howard,60387,65429
Iowa,Humboldt,60008,65429
Iowa,Ida,57266,65429
Iowa,Iowa,64720,65429
Iowa,Jackson,65541,65429
Iowa,Jasper,63182,65429
Iowa,Jefferson,47950,65429
Iowa,Johnson,67414,65429
Iowa,Jones,63279,65429
Iowa,Keokuk,54233,65429
Iowa,Kossuth,59878,65429
Iowa,Lee,54258,65429
Iowa,Linn,70360,65429
Iowa,Louisa,65867,65429
Iowa,Lucas,55297,65429
Iowa,Lyon,69113,65429
Iowa,Madison,79306,65429
Iowa,Mahaska,60617,65429
Iowa,Marion,66822,65429
Iowa,Marshall,63591,65429
Iowa,Mills,77926,65429
Iowa,Mitchell,60991,65429
Iowa,Monona,56107,65429
Iowa,Monroe,69929,65429
Iowa,Montgomery,56971,65429
Iowa,Muscatine,61547,65429
Iowa,O'Brien,62292,65429
Iowa,Osceola,65242,65429
Iowa,Page,52108,65429
Iowa,Palo Alto,59988,65429
Iowa,Plymouth,74239,65429
Iowa,Pocahontas,56350,65429
Iowa,Polk,73015,65429
Iowa,Pottawattamie,63840,65429
Iowa,Poweshiek,56080,65429
Iowa,Ringgold,57700,65429
Iowa,Sac,61040,65429
Iowa,Scott,67675,65429
Iowa,Shelby,62222,65429
Iowa,Sioux,78179,65429
Iowa,Story,62578,65429
Iowa,Tama,59794,65429
Iowa,Taylor,59528,65429
Iowa,Union,52321,65429
Iowa,Van Buren,53218,65429
Iowa,Wapello,51222,65429
Iowa,Warren,85189,65429
Iowa,Washington,66908,65429
Iowa,Wayne,53039,65429
Iowa,Webster,56934,65429
Iowa,Winnebago,56578,65429
Iowa,Winneshiek,65330,65429
Iowa,Woodbury,63061,65429
Iowa,Worth,63795,65429
Iowa,Wright,55395,65429
Kansas,Allen,51840,64521
Kansas,Anderson,56315,64521
Kansas,Atchison,52243,64521
Kansas,Barber,52984,64521
Kansas,Barton,50077,64521
Kansas,Bourbon,49951,64521
Kansas,Brown,52314,64521
Kansas,Butler,71651,64521
Kansas,Chase,49453,64521
Kansas,Chautauqua,46170,64521
Kansas,Cherokee,47298,64521
Kansas,Cheyenne,45039,64521
Kansas,Clark,55556,64521
Kansas,Clay,52716,64521
Kansas,Cloud,53110,64521
Kansas,Coffey,63167,64521
Kansas,Comanche,49333,64521
Kansas,Cowley,51732,64521
Kansas,Crawford,45191,64521
Kansas,Decatur,46733,64521
Kansas,Dickinson,59400,64521
Kansas,Doniphan,54792,64521
Kansas,Douglas,62594,64521
Kansas,Edwards,49679,64521
Kansas,Elk,45660,64521
Kansas,Ellis,54858,64521
Kansas,Ellsworth,55318,64521
Kansas,Finney,61374,64521
Kansas,Ford,59578,64521
Kansas,Franklin,63996,64521
Kansas,Geary,54664,64521
Kansas,Gove,53226,64521
Kansas,Graham,44091,64521
Kansas,Grant,60417,64521
Kansas,Gray,70321,64521
Kansas,Greeley,57281,64521
Kansas,Greenwood,46783,64521
Kansas,Hamilton,48333,64521
Kansas,Harper,52188,64521
Kansas,Harvey,60653,64521
Kansas,Haskell,58841,64521
Kansas,Hodgeman,62902,64521
Kansas,Jackson,62023,64521
Kansas,Jefferson,72270,64521
Kansas,Jewell,45655,64521
Kansas,Johnson,96059,64521
Kansas,Kearny,61406,64521
Kansas,Kingman,54852,64521
Kansas,Kiowa,61406,64521
Kansas,Labette,51425,64521
Kansas,Lane,44219,64521
Kansas,Leavenworth,80853,64521
Kansas,Lincoln,48457,64521
Kansas,Linn,52339,64521
Kansas,Logan,62202,64521
Kansas,Lyon,52591,64521
Kansas,McPherson,63816,64521
Kansas,Marion,54679,64521
Kansas,Marshall,58750,64521
Kansas,Meade,66042,64521
Kansas,Miami,79211,64521
Kansas,Mitchell,49250,64521
Kansas,Montgomery,47697,64521
Kansas,Morris,50242,64521
Kansas,Morton,51447,64521
Kansas,Nemaha,65177,64521
Kansas,Neosho,54479,64521
Kansas,Ness,63241,64521
Kansas,Norton,49326,64521
Kansas,Osage,61702,64521
Kansas,Osborne,55551,64521
Kansas,Ottawa,57455,64521
Kansas,Pawnee,50988,64521
Kansas,Phillips,53919,64521
Kansas,Pottawatomie,76089,64521
Kansas,Pratt,57109,64521
Kansas,Rawlins,58590,64521
Kansas,Reno,53359,64521
Kansas,Republic,50268,64521
Kansas,Rice,56379,64521
Kansas,Riley,53296,64521
Kansas,Rooks,55000,64521
Kansas,Rush,50714,64521
Kansas,Russell,52108,64521
Kansas,Saline,55175,64521
Kansas,Scott,46583,64521
Kansas,Sedgwick,60593,64521
Kansas,Seward,51809,64521
Kansas,Shawnee,59848,64521
Kansas,Sheridan,68952,64521
Kansas,Sherman,58830,64521
Kansas,Smith,48051,64521
Kansas,Stafford,54188,64521
Kansas,Stanton,60607,64521
Kansas,Stevens,61267,64521
Kansas,Sumner,54854,64521
Kansas,Thomas,69844,64521
Kansas,Trego,78529,64521
Kansas,Wabaunsee,66589,64521
Kansas,Wallace,56538,64521
Kansas,Washington,53491,64521
Kansas,Wichita,63306,64521
Kansas,Wilson,52514,64521
Kansas,Woodson,45234,64521
Kansas,Wyandotte,52366,64521
Kentucky,Adair,46652,55454
Kentucky,Allen,47495,55454
Kentucky,Anderson,59887,55454
Kentucky,Ballard,52695,55454
Kentucky,Barren,44254,55454
Kentucky,Bath,46375,55454
Kentucky,Bell,32123,55454
Kentucky,Boone,87034,55454
Kentucky,Bourbon,53277,55454
Kentucky,Boyd,53077,55454
Kentucky,Boyle,54234,55454
Kentucky,Bracken,63277,55454
Kentucky,Breathitt,32259,55454
Kentucky,Breckinridge,49919,55454
Kentucky,Bullitt,67892,55454
Kentucky,Butler,48355,55454
Kentucky,Caldwell,48280,55454
Kentucky,Calloway,44534,55454
Kentucky,Campbell,65580,55454
Kentucky,Carlisle,42386,55454
Kentucky,Carroll,42433,55454
Kentucky,Carter,40092,55454
Kentucky,Casey,37694,55454
Kentucky,Christian,45913,55454
Kentucky,Clark,59294,55454
Kentucky,Clay,33399,55454
Kentucky,Clinton,35042,55454
Kentucky,Crittenden,45000,55454
Kentucky,Cumberland,34563,55454
Kentucky,Daviess,57660,55454
Kentucky,Edmonson,41533,55454
Kentucky,Elliott,36455,55454
Kentucky,Estill,36336,55454
Kentucky,Fayette,61526,55454
Kentucky,Fleming,48315,55454
Kentucky,Floyd,37360,55454
Kentucky,Franklin,59498,55454
Kentucky,Fulton,33567,55454
Kentucky,Gallatin,54978,55454
Kentucky,Garrard,58137,55454
Kentucky,Grant,60040,55454
Kentucky,Graves,48187,55454
Kentucky,Grayson,40839,55454
Kentucky,Green,34363,55454
Kentucky,Greenup,55431,55454
Kentucky,Hancock,61622,55454
Kentucky,Hardin,59863,55454
Kentucky,Harlan,30210,55454
Kentucky,Harrison,53862,55454
Kentucky,Hart,45342,55454
Kentucky,Henderson,53635,55454
Kentucky,Henry,52301,55454
Kentucky,Hickman,46321,55454
Kentucky,Hopkins,49495,55454
Kentucky,Jackson,33699,55454
Kentucky,Jefferson,61633,55454
Kentucky,Jessamine,65196,55454
Kentucky,Johnson,41489,55454
Kentucky,Kenton,68503,55454
Kentucky,Knott,35583,55454
Kentucky,Knox,29206,55454
Kentucky,Larue,53555,55454
Kentucky,Laurel,46604,55454
Kentucky,Lawrence,37014,55454
Kentucky,Lee,29817,55454
Kentucky,Leslie,34528,55454
Kentucky,Letcher,35278,55454
Kentucky,Lewis,32402,55454
Kentucky,Lincoln,45856,55454
Kentucky,Livingston,51081,55454
Kentucky,Logan,53133,55454
Kentucky,Lyon,55203,55454
Kentucky,McCracken,53366,55454
Kentucky,McCreary,33939,55454
Kentucky,McLean,57027,55454
Kentucky,Madison,55002,55454
Kentucky,Magoffin,29615,55454
Kentucky,Marion,48791,55454
Kentucky,Marshall,58989,55454
Kentucky,Martin,40826,55454
Kentucky,Mason,48106,55454
Kentucky,Meade,63944,55454
Kentucky,Menifee,43313,55454
Kentucky,Mercer,53750,55454
Kentucky,Metcalfe,43196,55454
Kentucky,Monroe,39334,55454
Kentucky,Montgomery,49313,55454
Kentucky,Morgan,41664,55454
Kentucky,Muhlenberg,46124,55454
Kentucky,Nelson,64354,55454
Kentucky,Nicholas,44306,55454
Kentucky,Ohio,48481,55454
Kentucky,Oldham,109815,55454
Kentucky,Owen,52450,55454
Kentucky,Owsley,29340,55454
Kentucky,Pendleton,57619,55454
Kentucky,Perry,40577,55454
Kentucky,Pike,36910,55454
Kentucky,Powell,39493,55454
Kentucky,Pulaski,42652,55454
Kentucky,Robertson,53833,55454
Kentucky,Rockcastle,40406,55454
Kentucky,Rowan,45681,55454
Kentucky,Russell,41851,55454
Kentucky,Scott,73113,55454
Kentucky,Shelby,73974,55454
Kentucky,Simpson,53420,55454
Kentucky,Spencer,92973,55454
Kentucky,Taylor,56890,55454
Kentucky,Todd,54823,55454
Kentucky,Trigg,53693,55454
Kentucky,Trimble,62125,55454
Kentucky,Union,50533,55454
Kentucky,Warren,57625,55454
Kentucky,Washington,59049,55454
Kentucky,Wayne,41237,55454
Kentucky,Webster,47051,55454
Kentucky,Whitley,41817,55454
Kentucky,Wolfe,24349,55454
Kentucky,Woodford,72765,55454
Louisiana,Acadia Parish,42368,53571
Louisiana,Allen Parish,47660,53571
Louisiana,Ascension Parish,86256,53571
Louisiana,Assumption Parish,42831,53571
Louisiana,Avoyelles Parish,37903,53571
Louisiana,Beauregard Parish,57130,53571
Louisiana,Bienville Parish,32328,53571
Louisiana,Bossier Parish,58289,53571
Louisiana,Caddo Parish,43153,53571
Louisiana,Calcasieu Parish,59470,53571
Louisiana,Caldwell Parish,41861,53571
Louisiana,Cameron Parish,64525,53571
Louisiana,Catahoula Parish,42232,53571
Louisiana,Claiborne Parish,29574,53571
Louisiana,Concordia Parish,36157,53571
Louisiana,De Soto Parish,45364,53571
Louisiana,East Baton Rouge Parish,58167,53571
Louisiana,East Carroll Parish,25049,53571
Louisiana,East Feliciana Parish,58125,53571
Louisiana,Evangeline Parish,32465,53571
Louisiana,Franklin Parish,38250,53571
Louisiana,Grant Parish,52779,53571
Louisiana,Iberia Parish,52278,53571
Louisiana,Iberville Parish,52994,53571
Louisiana,Jackson Parish,41298,53571
Louisiana,Jefferson Parish,58638,53571
Louisiana,Jefferson Davis Parish,45578,53571
Louisiana,Lafayette Parish,63311,53571
Louisiana,Lafourche Parish,58747,53571
Louisiana,LaSalle Parish,52205,53571
Louisiana,Lincoln Parish,38458,53571
Louisiana,Livingston Parish,71547,53571
Louisiana,Madison Parish,36875,53571
Louisiana,Morehouse Parish,33758,53571
Louisiana,Natchitoches Parish,33965,53571
Louisiana,Orleans Parish,45594,53571
Louisiana,Ouachita Parish,46021,53571
Louisiana,Plaquemines Parish,69970,53571
Louisiana,Pointe Coupee Parish,50431,53571
Louisiana,Rapides Parish,49639,53571
Louisiana,Red River Parish,41227,53571
Louisiana,Richland Parish,42956,53571
Louisiana,Sabine Parish,39975,53571
Louisiana,St. Bernard Parish,52538,53571
Louisiana,St. Charles Parish,72088,53571
Louisiana,St. Helena Parish,40857,53571
Louisiana,St. James Parish,56207,53571
Louisiana,St. John the Baptist Parish,60743,53571
Louisiana,St. Landry Parish,41068,53571
Louisiana,St. Martin Parish,46711,53571
Louisiana,St. Mary Parish,43097,53571
Louisiana,St. Tammany Parish,70986,53571
Louisiana,Tangipahoa Parish,50659,53571
Louisiana,Tensas Parish,32962,53571
Louisiana,Terrebonne Parish,57940,53571
Louisiana,Union Parish,44192,53571
Louisiana,Vermilion Parish,56347,53571
Louisiana,Vernon Parish,53215,53571
Louisiana,Washington Parish,39168,53571
Louisiana,Webster Parish,31197,53571
Louisiana,West Baton Rouge Parish,72391,53571
Louisiana,West Carroll Parish,42050,53571
Louisiana,West Feliciana Parish,63450,53571
Louisiana,Winn Parish,43710,53571
Maine,Androscoggin,59287,63182
Maine,Aroostook,47278,63182
Maine,Cumberland,80679,63182
Maine,Franklin,53607,63182
Maine,Hancock,60354,63182
Maine,Kennebec,58097,63182
Maine,Knox,63399,63182
Maine,Lincoln,62121,63182
Maine,Oxford,51384,63182
Maine,Penobscot,55125,63182
Maine,Piscataquis,46948,63182
Maine,Sagadahoc,73343,63182
Maine,Somerset,47488,63182
Maine,Waldo,59880,63182
Maine,Washington,46689,63182
Maine,York,73856,63182
Maryland,Allegany,51090,91431
Maryland,Anne Arundel,108048,91431
Maryland,Baltimore,81846,91431
Maryland,Calvert,120295,91431
Maryland,Caroline,63027,91431
Maryland,Carroll,104708,91431
Maryland,Cecil,81817,91431
Maryland,Charles,107808,91431
Maryland,Dorchester,55652,91431
Maryland,Frederick,106129,91431
Maryland,Garrett,58011,91431
Maryland,Harford,98495,91431
Maryland,Howard,129549,91431
Maryland,Kent,64451,91431
Maryland,Montgomery,117345,91431
Maryland,Prince George's,91124,91431
Maryland,Queen Anne's,99597,91431
Maryland,St. Mary's,102859,91431
Maryland,Somerset,48661,91431
Maryland,Talbot,79349,91431
Maryland,Washington,67349,91431
Maryland,Wicomico,63610,91431
Maryland,Worcester,71262,91431
Maryland,Baltimore city,54124,91431
Massachusetts,Barnstable,82619,89026
Massachusetts,Berkshire,63159,89026
Massachusetts,Bristol,74290,89026
Massachusetts,Dukes,77392,89026
Massachusetts,Essex,86684,89026
Massachusetts,Franklin,64949,89026
Massachusetts,Hampden,61310,89026
Massachusetts,Hampshire,76959,89026
Massachusetts,Middlesex,111790,89026
Massachusetts,Nantucket,116571,89026
Massachusetts,Norfolk,112089,89026
Massachusetts,Plymouth,98190,89026
Massachusetts,Suffolk,80260,89026
Massachusetts,Worcester,81660,89026
Michigan,Alcona,46187,63202
Michigan,Alger,48822,63202
Michigan,Allegan,70269,63202
Michigan,Alpena,44864,63202
Michigan,Antrim,60378,63202
Michigan,Arenac,48989,63202
Michigan,Baraga,45792,63202
Michigan,Barry,68779,63202
Michigan,Bay,52510,63202
Michigan,Benzie,68875,63202
Michigan,Berrien,55893,63202
Michigan,Branch,56077,63202
Michigan,Calhoun,53286,63202
Michigan,Cass,60725,63202
Michigan,Charlevoix,63508,63202
Michigan,Cheboygan,53482,63202
Michigan,Chippewa,53079,63202
Michigan,Clare,43069,63202
Michigan,Clinton,76161,63202
Michigan,Crawford,54240,63202
Michigan,Delta,51117,63202
Michigan,Dickinson,54775,63202
Michigan,Eaton,72173,63202
Michigan,Emmet,63488,63202
Michigan,Genesee,54052,63202
Michigan,Gladwin,48279,63202
Michigan,Gogebic,41948,63202
Michigan,Grand Traverse,69393,63202
Michigan,Gratiot,53347,63202
Michigan,Hillsdale,54110,63202
Michigan,Houghton,48623,63202
Michigan,Huron,51924,63202
Michigan,Ingham,58226,63202
Michigan,Ionia,64436,63202
Michigan,Iosco,44334,63202
Michigan,Iron,45792,63202
Michigan,Isabella,48840,63202
Michigan,Jackson,57746,63202
Michigan,Kalamazoo,61739,63202
Michigan,Kalkaska,50363,63202
Michigan,Kent,69786,63202
Michigan,Keweenaw,54010,63202
Michigan,Lake,40753,63202
Michigan,Lapeer,69194,63202
Michigan,Leelanau,72709,63202
Michigan,Lenawee,60656,63202
Michigan,Livingston,88908,63202
Michigan,Luce,49667,63202
Michigan,Mackinac,52989,63202
Michigan,Macomb,67828,63202
Michigan,Manistee,54428,63202
Michigan,Marquette,57981,63202
Michigan,Mason,55035,63202
Michigan,Mecosta,48440,63202
Michigan,Menominee,52457,63202
Michigan,Midland,67642,63202
Michigan,Missaukee,50695,63202
Michigan,Monroe,68006,63202
Michigan,Montcalm,54803,63202
Michigan,Montmorency,43913,63202
Michigan,Muskegon,57047,63202
Michigan,Newaygo,54235,63202
Michigan,Oakland,86275,63202
Michigan,Oceana,56454,63202
Michigan,Ogemaw,44165,63202
Michigan,Ontonagon,44605,63202
Michigan,Osceola,50722,63202
Michigan,Oscoda,45659,63202
Michigan,Otsego,59330,63202
Michigan,Ottawa,77288,63202
Michigan,Presque Isle,52181,63202
Michigan,Roscommon,46218,63202
Michigan,Saginaw,52749,63202
Michigan,St. Clair,62847,63202
Michigan,St. Joseph,57080,63202
Michigan,Sanilac,52459,63202
Michigan,Schoolcraft,54163,63202
Michigan,Shiawassee,58004,63202
Michigan,Tuscola,55174,63202
Michigan,Van Buren,61549,63202
Michigan,Washtenaw,79198,63202
Michigan,Wayne,52830,63202
Michigan,Wexford,54114,63202
Minnesota,Aitkin,50900,77706
Minnesota,Anoka,88680,77706
Minnesota,Becker,64296,77706
Minnesota,Beltrami,55910,77706
Minnesota,Benton,65529,77706
Minnesota,Big Stone,58095,77706
Minnesota,Blue Earth,65000,77706
Minnesota,Brown,62999,77706
Minnesota,Carlton,68579,77706
Minnesota,Carver,107890,77706
Minnesota,Cass,56487,77706
Minnesota,Chippewa,59051,77706
Minnesota,Chisago,90870,77706
Minnesota,Clay,67984,77706
Minnesota,Clearwater,56605,77706
Minnesota,Cook,65045,77706
Minnesota,Cottonwood,56297,77706
Minnesota,Crow Wing,60810,77706
Minnesota,Dakota,93892,77706
Minnesota,Dodge,84568,77706
Minnesota,Douglas,69069,77706
Minnesota,Faribault,55186,77706
Minnesota,Fillmore,67195,77706
Minnesota,Freeborn,59862,77706
Minnesota,Goodhue,71414,77706
Minnesota,Grant,60781,77706
Minnesota,Hennepin,85438,77706
Minnesota,Houston,62397,77706
Minnesota,Hubbard,63122,77706
Minnesota,Isanti,78687,77706
Minnesota,Itasca,58393,77706
Minnesota,Jackson,64134,77706
Minnesota,Kanabec,60982,77706
Minnesota,Kandiyohi,67798,77706
Minnesota,Kittson,60676,77706
Minnesota,Koochiching,54708,77706
Minnesota,Lac qui Parle,60718,77706
Minnesota,Lake,66828,77706
Minnesota,Lake of the Woods,55913,77706
Minnesota,Le Sueur,80425,77706
Minnesota,Lincoln,58621,77706
Minnesota,Lyon,62388,77706
Minnesota,McLeod,67067,77706
Minnesota,Mahnomen,48021,77706
Minnesota,Marshall,64239,77706
Minnesota,Martin,57002,77706
Minnesota,Meeker,67099,77706
Minnesota,Mille Lacs,61995,77706
Minnesota,Morrison,61873,77706
Minnesota,Mower,60386,77706
Minnesota,Murray,69250,77706
Minnesota,Nicollet,74317,77706
Minnesota,Nobles,57101,77706
Minnesota,Norman,58846,77706
Minnesota,Olmsted,84656,77706
Minnesota,Otter Tail,63587,77706
Minnesota,Pennington,64268,77706
Minnesota,Pine,59840,77706
Minnesota,Pipestone,58288,77706
Minnesota,Polk,61643,77706
Minnesota,Pope,67040,77706
Minnesota,Ramsey,71494,77706
Minnesota,Red Lake,62417,77706
Minnesota,Redwood,59638,77706
Minnesota,Renville,61233,77706
Minnesota,Rice,71384,77706
Minnesota,Rock,68638,77706
Minnesota,Roseau,65651,77706
Minnesota,St. Louis,61213,77706
Minnesota,Scott,109031,77706
Minnesota,Sherburne,92374,77706
Minnesota,Sibley,67412,77706
Minnesota,Stearns,68212,77706
Minnesota,Steele,73468,77706
Minnesota,Stevens,65750,77706
Minnesota,Swift,53664,77706
Minnesota,Todd,58021,77706
Minnesota,Traverse,56667,77706
Minnesota,Wabasha,70603,77706
Minnesota,Wadena,50100,77706
Minnesota,Waseca,66502,77706
Minnesota,Washington,102258,77706
Minnesota,Watonwan,59494,77706
Minnesota,Wilkin,57907,77706
Minnesota,Winona,61753,77706
Minnesota,Wright,94276,77706
Minnesota,Yellow Medicine,65014,77706
Mississippi,Adams,33860,49111
Mississippi,Alcorn,44068,49111
Mississippi,Amite,31367,49111
Mississippi,Attala,36196,49111
Mississippi,Benton,39311,49111
Mississippi,Bolivar,33729,49111
Mississippi,Calhoun,41142,49111
Mississippi,Carroll,46147,49111
Mississippi,Chickasaw,38620,49111
Mississippi,Choctaw,37859,49111
Mississippi,Claiborne,31305,49111
Mississippi,Clarke,40838,49111
Mississippi,Clay,35638,49111
Mississippi,Coahoma,31312,49111
Mississippi,Copiah,46530,49111
Mississippi,Covington,40233,49111
Mississippi,DeSoto,73460,49111
Mississippi,Forrest,45780,49111
Mississippi,Franklin,40479,49111
Mississippi,George,47385,49111
Mississippi,Greene,49581,49111
Mississippi,Grenada,40808,49111
Mississippi,Hancock,58196,49111
Mississippi,Harrison,51590,49111
Mississippi,Hinds,46179,49111
Mississippi,Holmes,24958,49111
Mississippi,Humphreys,30327,49111
Mississippi,Issaquena,17109,49111
Mississippi,Itawamba,53510,49111
Mississippi,Jackson,55107,49111
Mississippi,Jasper,39992,49111
Mississippi,Jefferson,29205,49111
Mississippi,Jefferson Davis,34771,49111
Mississippi,Jones,43659,49111
Mississippi,Kemper,37667,49111
Mississippi,Lafayette,54720,49111
Mississippi,Lamar,63925,49111
Mississippi,Lauderdale,43301,49111
Mississippi,Lawrence,39443,49111
Mississippi,Leake,39660,49111
Mississippi,Lee,60708,49111
Mississippi,Leflore,30182,49111
Mississippi,Lincoln,43926,49111
Mississippi,Lowndes,49660,49111
Mississippi,Madison,74688,49111
Mississippi,Marion,34286,49111
Mississippi,Marshall,42968,49111
Mississippi,Monroe,47353,49111
Mississippi,Montgomery,35903,49111
Mississippi,Neshoba,43416,49111
Mississippi,Newton,44530,49111
Mississippi,Noxubee,38999,49111
Mississippi,Oktibbeha,41094,49111
Mississippi,Panola,39673,49111
Mississippi,Pearl River,53855,49111
Mississippi,Perry,47368,49111
Mississippi,Pike,36308,49111
Mississippi,Pontotoc,52150,49111
Mississippi,Prentiss,46417,49111
Mississippi,Quitman,25783,49111
Mississippi,Rankin,72326,49111
Mississippi,Scott,43022,49111
Mississippi,Sharkey,38977,49111
Mississippi,Simpson,43842,49111
Mississippi,Smith,51792,49111
Mississippi,Stone,50807,49111
Mississippi,Sunflower,32608,49111
Mississippi,Tallahatchie,31484,49111
Mississippi,Tate,54839,49111
Mississippi,Tippah,41506,49111
Mississippi,Tishomingo,40394,49111
Mississippi,Tunica,41176,49111
Mississippi,Union,50543,49111
Mississippi,Walthall,34605,49111
Mississippi,Warren,50686,49111
Mississippi,Washington,34399,49111
Mississippi,Wayne,34766,49111
Mississippi,Webster,53363,49111
Mississippi,Wilkinson,31412,49111
Mississippi,Winston,39725,49111
Mississippi,Yalobusha,44348,49111
Mississippi,Yazoo,40037,49111
Missouri,Adair,46639,61043
Missouri,Andrew,63769,61043
Missouri,Atchison,53867,61043
Missouri,Audrain,47178,61043
Missouri,Barry,49574,61043
Missouri,Barton,45113,61043
Missouri,Bates,52093,61043
Missouri,Benton,45533,61043
Missouri,Bollinger,51250,61043
Missouri,Boone,62653,61043
Missouri,Buchanan,54073,61043
Missouri,Butler,44842,61043
Missouri,Caldwell,54321,61043
Missouri,Callaway,63791,61043
Missouri,Camden,55717,61043
Missouri,Cape Girardeau,59252,61043
Missouri,Carroll,54967,61043
Missouri,Carter,42378,61043
Missouri,Cass,76924,61043
Missouri,Cedar,41211,61043
Missouri,Chariton,56758,61043
Missouri,Christian,69212,61043
Missouri,Clark,45965,61043
Missouri,Clay,75596,61043
Missouri,Clinton,63876,61043
Missouri,Cole,64715,61043
Missouri,Cooper,55711,61043
Missouri,Crawford,46643,61043
Missouri,Dade,43661,61043
Missouri,Dallas,44948,61043
Missouri,Daviess,55750,61043
Missouri,DeKalb,59462,61043
Missouri,Dent,45700,61043
Missouri,Douglas,45125,61043
Missouri,Dunklin,42194,61043
Missouri,Franklin,65263,61043
Missouri,Gasconade,58956,61043
Missouri,Gentry,47746,61043
Missouri,Greene,50682,61043
Missouri,Grundy,49621,61043
Missouri,Harrison,45313,61043
Missouri,Henry,49682,61043
Missouri,Hickory,32132,61043
Missouri,Holt,52500,61043
Missouri,Howard,58596,61043
Missouri,Howell,43200,61043
Missouri,Iron,44717,61043
Missouri,Jackson,60800,61043
Missouri,Jasper,51876,61043
Missouri,Jefferson,71285,61043
Missouri,Johnson,59952,61043
Missouri,Knox,40814,61043
Missouri,Laclede,46968,61043
Missouri,Lafayette,70969,61043
Missouri,Lawrence,46923,61043
Missouri,Lewis,46250,61043
Missouri,Lincoln,76622,61043
Missouri,Linn,54245,61043
Missouri,Livingston,54309,61043
Missouri,McDonald,43086,61043
Missouri,Macon,48583,61043
Missouri,Madison,50529,61043
Missouri,Maries,50434,61043
Missouri,Marion,56213,61043
Missouri,Mercer,52105,61043
Missouri,Miller,47288,61043
Missouri,Mississippi,39127,61043
Missouri,Moniteau,58900,61043
Missouri,Monroe,46441,61043
Missouri,Montgomery,54390,61043
Missouri,Morgan,46078,61043
Missouri,New Madrid,42370,61043
Missouri,Newton,55820,61043
Missouri,Nodaway,47669,61043
Missouri,Oregon,35972,61043
Missouri,Osage,67088,61043
Missouri,Ozark,36402,61043
Missouri,Pemiscot,35865,61043
Missouri,Perry,56832,61043
Missouri,Pettis,51936,61043
Missouri,Phelps,48124,61043
Missouri,Pike,47382,61043
Missouri,Platte,85031,61043
Missouri,Polk,50890,61043
Missouri,Pulaski,59252,61043
Missouri,Putnam,46161,61043
Missouri,Ralls,58829,61043
Missouri,Randolph,51403,61043
Missouri,Ray,67643,61043
Missouri,Reynolds,41925,61043
Missouri,Ripley,36089,61043
Missouri,St. Charles,91792,61043
Missouri,St. Clair,40470,61043
Missouri,Ste. Genevieve,62607,61043
Missouri,St. Francois,50015,61043
Missouri,St. Louis,72562,61043
Missouri,Saline,49705,61043
Missouri,Schuyler,49746,61043
Missouri,Scotland,48705,61043
Missouri,Scott,50556,61043
Missouri,Shannon,41176,61043
Missouri,Shelby,46178,61043
Missouri,Stoddard,46052,61043
Missouri,Stone,54320,61043
Missouri,Sullivan,46964,61043
Missouri,Taney,51031,61043
Missouri,Texas,37994,61043
Missouri,Vernon,49494,61043
Missouri,Warren,68350,61043
Missouri,Washington,44955,61043
Missouri,Wayne,42257,61043
Missouri,Webster,59325,61043
Missouri,Worth,41847,61043
Missouri,Wright,40179,61043
Missouri,St. Louis city,48751,61043
Montana,Beaverhead,51048,60560
Montana,Big Horn,49640,60560
Montana,Blaine,50847,60560
Montana,Broadwater,60244,60560
Montana,Carbon,63178,60560
Montana,Carter,41447,60560
Montana,Cascade,56377,60560
Montana,Chouteau,48237,60560
Montana,Custer,55426,60560
Montana,Daniels,54722,60560
Montana,Dawson,57684,60560
Montana,Deer Lodge,44809,60560
Montana,Fallon,83750,60560
Montana,Fergus,52941,60560
Montana,Flathead,63582,60560
Montana,Gallatin,76208,60560
Montana,Garfield,55000,60560
Montana,Glacier,39441,60560
Montana,Golden Valley,46607,60560
Montana,Granite,49077,60560
Montana,Hill,56840,60560
Montana,Jefferson,72500,60560
Montana,Judith Basin,51691,60560
Montana,Lake,53154,60560
Montana,Lewis and Clark,66486,60560
Montana,Liberty,46507,60560
Montana,Lincoln,41922,60560
Montana,McCone,63365,60560
Montana,Madison,56410,60560
Montana,Meagher,51709,60560
Montana,Mineral,50750,60560
Montana,Missoula,61423,60560
Montana,Musselshell,51153,60560
Montana,Park,58510,60560
Montana,Petroleum,54375,60560
Montana,Phillips,50789,60560
Montana,Pondera,55865,60560
Montana,Powder River,55833,60560
Montana,Powell,53111,60560
Montana,Prairie,44500,60560
Montana,Ravalli,59640,60560
Montana,Richland,62530,60560
Montana,Roosevelt,47182,60560
Montana,Rosebud,59339,60560
Montana,Sanders,46848,60560
Montana,Sheridan,58786,60560
Montana,Silver Bow,50331,60560
Montana,Stillwater,72906,60560
Montana,Sweet Grass,59238,60560
Montana,Teton,60431,60560
Montana,Toole,54137,60560
Montana,Treasure,55313,60560
Montana,Valley,53667,60560
Montana,Wheatland,38893,60560
Montana,Wibaux,49000,60560
Montana,Yellowstone,65656,60560
Nebraska,Adams,57783,66644
Nebraska,Antelope,55802,66644
Nebraska,Arthur,59375,66644
Nebraska,Banner,57917,66644
Nebraska,Blaine,49464,66644
Nebraska,Boone,63668,66644
Nebraska,Box Butte,63366,66644
Nebraska,Boyd,54464,66644
Nebraska,Brown,43942,66644
Nebraska,Buffalo,65810,66644
Nebraska,Burt,55769,66644
Nebraska,Butler,64837,66644
Nebraska,Cass,78251,66644
Nebraska,Cedar,69490,66644
Nebraska,Chase,55690,66644
Nebraska,Cherry,57719,66644
Nebraska,Cheyenne,53674,66644
Nebraska,Clay,70690,66644
Nebraska,Colfax,70381,66644
Nebraska,Cuming,63125,66644
Nebraska,Custer,57715,66644
Nebraska,Dakota,63053,66644
Nebraska,Dawes,51925,66644
Nebraska,Dawson,58402,66644
Nebraska,Deuel,50924,66644
Nebraska,Dixon,58849,66644
Nebraska,Dodge,60962,66644
Nebraska,Douglas,70683,66644
Nebraska,Dundy,53696,66644
Nebraska,Fillmore,66410,66644
Nebraska,Franklin,52400,66644
Nebraska,Frontier,59573,66644
Nebraska,Furnas,57284,66644
Nebraska,Gage,55000,66644
Nebraska,Garden,43478,66644
Nebraska,Garfield,57888,66644
Nebraska,Gosper,69886,66644
Nebraska,Grant,56806,66644
Nebraska,Greeley,48472,66644
Nebraska,Hall,60720,66644
Nebraska,Hamilton,71211,66644
Nebraska,Harlan,59432,66644
Nebraska,Hayes,51389,66644
Nebraska,Hitchcock,47025,66644
Nebraska,Holt,60592,66644
Nebraska,Hooker,51333,66644
Nebraska,Howard,64167,66644
Nebraska,Jefferson,51587,66644
Nebraska,Johnson,53696,66644
Nebraska,Kearney,68606,66644
Nebraska,Keith,54303,66644
Nebraska,Keya Paha,54583,66644
Nebraska,Kimball,55428,66644
Nebraska,Knox,58043,66644
Nebraska,Lancaster,65086,66644
Nebraska,Lincoln,61309,66644
Nebraska,Logan,60250,66644
Nebraska,Loup,46667,66644
Nebraska,McPherson,53750,66644
Nebraska,Madison,55375,66644
Nebraska,Merrick,57778,66644
Nebraska,Morrill,50859,66644
Nebraska,Nance,55473,66644
Nebraska,Nemaha,53081,66644
Nebraska,Nuckolls,61667,66644
Nebraska,Otoe,70072,66644
Nebraska,Pawnee,51354,66644
Nebraska,Perkins,57250,66644
Nebraska,Phelps,61606,66644
Nebraska,Pierce,62299,66644
Nebraska,Platte,64105,66644
Nebraska,Polk,66486,66644
Nebraska,Red Willow,53387,66644
Nebraska,Richardson,46085,66644
Nebraska,Rock,55129,66644
Nebraska,Saline,58011,66644
Nebraska,Sarpy,88408,66644
Nebraska,Saunders,76485,66644
Nebraska,Scotts Bluff,56588,66644
Nebraska,Seward,73892,66644
Nebraska,Sheridan,47901,66644
Nebraska,Sherman,57579,66644
Nebraska,Sioux,46769,66644
Nebraska,Stanton,70583,66644
Nebraska,Thayer,56111,66644
Nebraska,Thomas,51696,66644
Nebraska,Thurston,56223,66644
Nebraska,Valley,58015,66644
Nebraska,Washington,83491,66644
Nebraska,Wayne,60971,66644
Nebraska,Webster,56786,66644
Nebraska,Wheeler,51875,66644
Nebraska,York,66337,66644
Nevada,Churchill,61776,65686
Nevada,Clark,64210,65686
Nevada,Douglas,75688,65686
Nevada,Elko,82462,65686
Nevada,Esmeralda,31667,65686
Nevada,Eureka,68307,65686
Nevada,Humboldt,70315,65686
Nevada,Lander,92543,65686
Nevada,Lincoln,62164,65686
Nevada,Lyon,63952,65686
Nevada,Mineral,43009,65686
Nevada,Nye,52570,65686
Nevada,Pershing,62841,65686
Nevada,Storey,66713,65686
Nevada,Washoe,74292,65686
Nevada,White Pine,63590,65686
Nevada,Carson City,62217,65686
New Hampshire,Belknap,75035,83449
New Hampshire,Carroll,70873,83449
New Hampshire,Cheshire,69360,83449
New Hampshire,Coos,52054,83449
New Hampshire,Grafton,73755,83449
New Hampshire,Hillsborough,86930,83449
New Hampshire,Merrimack,82457,83449
New Hampshire,Rockingham,101683,83449
New Hampshire,Strafford,76560,83449
New Hampshire,Sullivan,64587,83449
New Jersey,Atlantic,66473,89703
New Jersey,Bergen,109497,89703
New Jersey,Burlington,95935,89703
New Jersey,Camden,75485,89703
New Jersey,Cape May,76237,89703
New Jersey,Cumberland,58397,89703
New Jersey,Essex,67826,89703
New Jersey,Gloucester,93208,89703
New Jersey,Hudson,79795,89703
New Jersey,Hunterdon,123373,89703
New Jersey,Mercer,85687,89703
New Jersey,Middlesex,96883,89703
New Jersey,Monmouth,110356,89703
New Jersey,Morris,123727,89703
New Jersey,Ocean,76644,89703
New Jersey,Passaic,78386,89703
New Jersey,Salem,67898,89703
New Jersey,Somerset,121695,89703
New Jersey,Sussex,101645,89703
New Jersey,Union,87369,89703
New Jersey,Warren,85163,89703
New Mexico,Bernalillo,56920,54020
New Mexico,Catron,37623,54020
New Mexico,Chaves,47620,54020
New Mexico,Cibola,47300,54020
New Mexico,Colfax,39483,54020
New Mexico,Curry,51199,54020
New Mexico,De Baca,32750,54020
New Mexico,Doa Ana,47151,54020
New Mexico,Eddy,67759,54020
New Mexico,Grant,39429,54020
New Mexico,Guadalupe,35409,54020
New Mexico,Harding,35900,54020
New Mexico,Hidalgo,46097,54020
New Mexico,Lea,62319,54020
New Mexico,Lincoln,47247,54020
New Mexico,Los Alamos,123677,54020
New Mexico,Luna,33914,54020
New Mexico,McKinley,40262,54020
New Mexico,Mora,37549,54020
New Mexico,Otero,46949,54020
New Mexico,Quay,33067,54020
New Mexico,Rio Arriba,46994,54020
New Mexico,Roosevelt,47897,54020
New Mexico,Sandoval,68947,54020
New Mexico,San Juan,47485,54020
New Mexico,San Miguel,36492,54020
New Mexico,Santa Fe,64423,54020
New Mexico,Sierra,35939,54020
New Mexico,Socorro,38242,54020
New Mexico,Taos,49481,54020
New Mexico,Torrance,44819,54020
New Mexico,Union,37443,54020
New Mexico,Valencia,53752,54020
New York,Albany,73810,75157
New York,Allegany,54375,75157
New York,Bronx,43726,75157
New York,Broome,53982,75157
New York,Cattaraugus,53537,75157
New York,Cayuga,59602,75157
New York,Chautauqua,50408,75157
New York,Chemung,58175,75157
New York,Chenango,55690,75157
New York,Clinton,62470,75157
New York,Columbia,73065,75157
New York,Cortland,62163,75157
New York,Delaware,52757,75157
New York,Dutchess,87112,75157
New York,Erie,62578,75157
New York,Essex,61563,75157
New York,Franklin,55279,75157
New York,Fulton,55240,75157
New York,Genesee,63734,75157
New York,Greene,62810,75157
New York,Hamilton,62841,75157
New York,Herkimer,60561,75157
New York,Jefferson,58271,75157
New York,Kings,67753,75157
New York,Lewis,60049,75157
New York,Livingston,64467,75157
New York,Madison,63312,75157
New York,Monroe,66317,75157
New York,Montgomery,53533,75157
New York,Nassau,126576,75157
New York,New York,93956,75157
New York,Niagara,60834,75157
New York,Oneida,61733,75157
New York,Onondaga,66012,75157
New York,Ontario,70694,75157
New York,Orange,85640,75157
New York,Orleans,54882,75157
New York,Oswego,61983,75157
New York,Otsego,60523,75157
New York,Putnam,111617,75157
New York,Queens,75886,75157
New York,Rensselaer,76731,75157
New York,Richmond,89427,75157
New York,Rockland,99707,75157
New York,St. Lawrence,54351,75157
New York,Saratoga,90800,75157
New York,Schenectady,69891,75157
New York,Schoharie,64220,75157
New York,Schuyler,56437,75157
New York,Seneca,59086,75157
New York,Steuben,58652,75157
New York,Suffolk,111660,75157
New York,Sullivan,63393,75157
New York,Tioga,64987,75157
New York,Tompkins,64260,75157
New York,Ulster,71040,75157
New York,Warren,68765,75157
New York,Washington,63869,75157
New York,Wayne,64152,75157
New York,Westchester,105387,75157
New York,Wyoming,60013,75157
New York,Yates,57635,75157
North Carolina,Alamance,55078,60516
North Carolina,Alexander,55041,60516
North Carolina,Alleghany,38930,60516
North Carolina,Anson,39862,60516
North Carolina,Ashe,43938,60516
North Carolina,Avery,46383,60516
North Carolina,Beaufort,51894,60516
North Carolina,Bertie,37571,60516
North Carolina,Bladen,39259,60516
North Carolina,Brunswick,64400,60516
North Carolina,Buncombe,59699,60516
North Carolina,Burke,48142,60516
North Carolina,Cabarrus,75765,60516
North Carolina,Caldwell,48549,60516
North Carolina,Camden,68560,60516
North Carolina,Carteret,61805,60516
North Carolina,Caswell,53279,60516
North Carolina,Catawba,57840,60516
North Carolina,Chatham,76791,60516
North Carolina,Cherokee,43319,60516
North Carolina,Chowan,46288,60516
North Carolina,Clay,47155,60516
North Carolina,Cleveland,45646,60516
North Carolina,Columbus,40562,60516
North Carolina,Craven,56325,60516
North Carolina,Cumberland,50746,60516
North Carolina,Currituck,79416,60516
North Carolina,Dare,69500,60516
North Carolina,Davidson,53083,60516
North Carolina,Davie,64657,60516
North Carolina,Duplin,45744,60516
North Carolina,Durham,67000,60516
North Carolina,Edgecombe,41974,60516
North Carolina,Forsyth,56830,60516
North Carolina,Franklin,62332,60516
North Carolina,Gaston,56819,60516
North Carolina,Gates,51599,60516
North Carolina,Graham,41977,60516
North Carolina,Granville,60606,60516
North Carolina,Greene,45766,60516
North Carolina,Guilford,58646,60516
North Carolina,Halifax,37832,60516
North Carolina,Harnett,59676,60516
North Carolina,Haywood,52063,60516
North Carolina,Henderson,59928,60516
North Carolina,Hertford,43523,60516
North Carolina,Hoke,53456,60516
North Carolina,Hyde,48577,60516
North Carolina,Iredell,66824,60516
North Carolina,Jackson,47989,60516
North Carolina,Johnston,66026,60516
North Carolina,Jones,42401,60516
North Carolina,Lee,57674,60516
North Carolina,Lenoir,41092,60516
North Carolina,Lincoln,65399,60516
North Carolina,McDowell,50615,60516
North Carolina,Macon,48169,60516
North Carolina,Madison,51396,60516
North Carolina,Martin,41798,60516
North Carolina,Mecklenburg,73124,60516
North Carolina,Mitchell,48320,60516
North Carolina,Montgomery,50618,60516
North Carolina,Moore,67440,60516
North Carolina,Nash,52837,60516
North Carolina,New Hanover,62362,60516
North Carolina,Northampton,39764,60516
North Carolina,Onslow,54732,60516
North Carolina,Orange,79205,60516
North Carolina,Pamlico,52124,60516
North Carolina,Pasquotank,56510,60516
North Carolina,Pender,65681,60516
North Carolina,Perquimans,53138,60516
North Carolina,Person,55759,60516
North Carolina,Pitt,50422,60516
North Carolina,Polk,55058,60516
North Carolina,Randolph,51598,60516
North Carolina,Richmond,38926,60516
North Carolina,Robeson,36736,60516
North Carolina,Rockingham,46993,60516
North Carolina,Rowan,53600,60516
North Carolina,Rutherford,45500,60516
North Carolina,Sampson,45127,60516
North Carolina,Scotland,39866,60516
North Carolina,Stanly,56462,60516
North Carolina,Stokes,52637,60516
North Carolina,Surry,50881,60516
North Carolina,Swain,48608,60516
North Carolina,Transylvania,57830,60516
North Carolina,Tyrrell,40938,60516
North Carolina,Union,88465,60516
North Carolina,Vance,45243,60516
North Carolina,Wake,88471,60516
North Carolina,Warren,39588,60516
North Carolina,Washington,32937,60516
North Carolina,Watauga,48786,60516
North Carolina,Wayne,49488,60516
North Carolina,Wilkes,46079,60516
North Carolina,Wilson,47348,60516
North Carolina,Yadkin,51348,60516
North Carolina,Yancey,45324,60516
North Dakota,Adams,52896,68131
North Dakota,Barnes,64016,68131
North Dakota,Benson,54375,68131
North Dakota,Billings,71375,68131
North Dakota,Bottineau,68095,68131
North Dakota,Bowman,76447,68131
North Dakota,Burke,97802,68131
North Dakota,Burleigh,76043,68131
North Dakota,Cass,68718,68131
North Dakota,Cavalier,60284,68131
North Dakota,Dickey,58267,68131
North Dakota,Divide,83438,68131
North Dakota,Dunn,84459,68131
North Dakota,Eddy,44958,68131
North Dakota,Emmons,56713,68131
North Dakota,Foster,71250,68131
North Dakota,Golden Valley,83295,68131
North Dakota,Grand Forks,57213,68131
North Dakota,Grant,57200,68131
North Dakota,Griggs,64196,68131
North Dakota,Hettinger,62865,68131
North Dakota,Kidder,52419,68131
North Dakota,LaMoure,63594,68131
North Dakota,Logan,53929,68131
North Dakota,McHenry,71612,68131
North Dakota,McIntosh,58056,68131
North Dakota,McKenzie,78442,68131
North Dakota,McLean,72324,68131
North Dakota,Mercer,78547,68131
North Dakota,Morton,75177,68131
North Dakota,Mountrail,76520,68131
North Dakota,Nelson,56724,68131
North Dakota,Oliver,64148,68131
North Dakota,Pembina,61795,68131
North Dakota,Pierce,59803,68131
North Dakota,Ramsey,55534,68131
North Dakota,Ransom,67480,68131
North Dakota,Renville,71218,68131
North Dakota,Richland,62481,68131
North Dakota,Rolette,49434,68131
North Dakota,Sargent,67467,68131
North Dakota,Sheridan,61125,68131
North Dakota,Sioux,39755,68131
North Dakota,Slope,67614,68131
North Dakota,Stark,70364,68131
North Dakota,Steele,81354,68131
North Dakota,Stutsman,54652,68131
North Dakota,Towner,51912,68131
North Dakota,Traill,73113,68131
North Dakota,Walsh,59368,68131
North Dakota,Ward,72227,68131
North Dakota,Wells,58932,68131
North Dakota,Williams,80142,68131
Ohio,Adams,44467,61938
Ohio,Allen,55114,61938
Ohio,Ashland,58168,61938
Ohio,Ashtabula,49680,61938
Ohio,Athens,47061,61938
Ohio,Auglaize,69315,61938
Ohio,Belmont,54191,61938
Ohio,Brown,59766,61938
Ohio,Butler,72281,61938
Ohio,Carroll,55954,61938
Ohio,Champaign,62865,61938
Ohio,Clark,54869,61938
Ohio,Clermont,73013,61938
Ohio,Clinton,57409,61938
Ohio,Columbiana,51664,61938
Ohio,Coshocton,49297,61938
Ohio,Crawford,48449,61938
Ohio,Cuyahoga,55109,61938
Ohio,Darke,57440,61938
Ohio,Defiance,65779,61938
Ohio,Delaware,116284,61938
Ohio,Erie,60149,61938
Ohio,Fairfield,77241,61938
Ohio,Fayette,52964,61938
Ohio,Franklin,65999,61938
Ohio,Fulton,65418,61938
Ohio,Gallia,50773,61938
Ohio,Geauga,90285,61938
Ohio,Greene,75901,61938
Ohio,Guernsey,48434,61938
Ohio,Hamilton,63080,61938
Ohio,Hancock,60828,61938
Ohio,Hardin,52112,61938
Ohio,Harrison,51993,61938
Ohio,Henry,64513,61938
Ohio,Highland,52376,61938
Ohio,Hocking,56755,61938
Ohio,Holmes,69454,61938
Ohio,Huron,59049,61938
Ohio,Jackson,50983,61938
Ohio,Jefferson,49211,61938
Ohio,Knox,64439,61938
Ohio,Lake,70168,61938
Ohio,Lawrence,48947,61938
Ohio,Licking,72771,61938
Ohio,Logan,64196,61938
Ohio,Lorain,62390,61938
Ohio,Lucas,53176,61938
Ohio,Madison,72811,61938
Ohio,Mahoning,50750,61938
Ohio,Marion,51144,61938
Ohio,Medina,82894,61938
Ohio,Meigs,44113,61938
Ohio,Mercer,68692,61938
Ohio,Miami,66284,61938
Ohio,Monroe,50503,61938
Ohio,Montgomery,56543,61938
Ohio,Morgan,44848,61938
Ohio,Morrow,63411,61938
Ohio,Muskingum,52224,61938
Ohio,Noble,46144,61938
Ohio,Ottawa,64463,61938
Ohio,Paulding,59987,61938
Ohio,Perry,58616,61938
Ohio,Pickaway,63629,61938
Ohio,Pike,44961,61938
Ohio,Portage,64163,61938
Ohio,Preble,60527,61938
Ohio,Putnam,73122,61938
Ohio,Richland,52605,61938
Ohio,Ross,54004,61938
Ohio,Sandusky,56414,61938
Ohio,Scioto,43266,61938
Ohio,Seneca,56043,61938
Ohio,Shelby,66536,61938
Ohio,Stark,58170,61938
Ohio,Summit,63111,61938
Ohio,Trumbull,50258,61938
Ohio,Tuscarawas,57545,61938
Ohio,Union,96634,61938
Ohio,Van Wert,59210,61938
Ohio,Vinton,46653,61938
Ohio,Warren,95709,61938
Ohio,Washington,54167,61938
Ohio,Wayne,64594,61938
Ohio,Williams,55030,61938
Ohio,Wood,66337,61938
Ohio,Wyandot,61626,61938
Oklahoma,Adair,37940,56956
Oklahoma,Alfalfa,66552,56956
Oklahoma,Atoka,45148,56956
Oklahoma,Beaver,60152,56956
Oklahoma,Beckham,50365,56956
Oklahoma,Blaine,52538,56956
Oklahoma,Bryan,49225,56956
Oklahoma,Caddo,47566,56956
Oklahoma,Canadian,76973,56956
Oklahoma,Carter,52906,56956
Oklahoma,Cherokee,47421,56956
Oklahoma,Choctaw,38854,56956
Oklahoma,Cimarron,50350,56956
Oklahoma,Cleveland,67068,56956
Oklahoma,Coal,43697,56956
Oklahoma,Comanche,54483,56956
Oklahoma,Cotton,54787,56956
Oklahoma,Craig,45094,56956
Oklahoma,Creek,56384,56956
Oklahoma,Custer,55074,56956
Oklahoma,Delaware,46588,56956
Oklahoma,Dewey,53672,56956
Oklahoma,Ellis,52250,56956
Oklahoma,Garfield,60732,56956
Oklahoma,Garvin,50441,56956
Oklahoma,Grady,68925,56956
Oklahoma,Grant,54150,56956
Oklahoma,Greer,49203,56956
Oklahoma,Harmon,55369,56956
Oklahoma,Harper,51481,56956
Oklahoma,Haskell,43622,56956
Oklahoma,Hughes,42425,56956
Oklahoma,Jackson,55551,56956
Oklahoma,Jefferson,43438,56956
Oklahoma,Johnston,46754,56956
Oklahoma,Kay,50391,56956
Oklahoma,Kingfisher,61657,56956
Oklahoma,Kiowa,36985,56956
Oklahoma,Latimer,39939,56956
Oklahoma,Le Flore,43049,56956
Oklahoma,Lincoln,54578,56956
Oklahoma,Logan,74744,56956
Oklahoma,Love,55568,56956
Oklahoma,McClain,73914,56956
Oklahoma,McCurtain,43435,56956
Oklahoma,McIntosh,40792,56956
Oklahoma,Major,60025,56956
Oklahoma,Marshall,51345,56956
Oklahoma,Mayes,52956,56956
Oklahoma,Murray,54160,56956
Oklahoma,Muskogee,44166,56956
Oklahoma,Noble,62910,56956
Oklahoma,Nowata,46786,56956
Oklahoma,Okfuskee,43000,56956
Oklahoma,Oklahoma,58239,56956
Oklahoma,Okmulgee,48689,56956
Oklahoma,Osage,54036,56956
Oklahoma,Ottawa,42311,56956
Oklahoma,Pawnee,53084,56956
Oklahoma,Payne,43686,56956
Oklahoma,Pittsburg,49669,56956
Oklahoma,Pontotoc,55862,56956
Oklahoma,Pottawatomie,54896,56956
Oklahoma,Pushmataha,40721,56956
Oklahoma,Roger Mills,58385,56956
Oklahoma,Rogers,69322,56956
Oklahoma,Seminole,40190,56956
Oklahoma,Sequoyah,43496,56956
Oklahoma,Stephens,53470,56956
Oklahoma,Texas,50781,56956
Oklahoma,Tillman,41138,56956
Oklahoma,Tulsa,60382,56956
Oklahoma,Wagoner,68906,56956
Oklahoma,Washington,55216,56956
Oklahoma,Washita,55750,56956
Oklahoma,Woods,55933,56956
Oklahoma,Woodward,55700,56956
Oregon,Baker,46922,70084
Oregon,Benton,68732,70084
Oregon,Clackamas,88517,70084
Oregon,Clatsop,61846,70084
Oregon,Columbia,73909,70084
Oregon,Coos,52548,70084
Oregon,Crook,64820,70084
Oregon,Curry,57553,70084
Oregon,Deschutes,74082,70084
Oregon,Douglas,52479,70084
Oregon,Gilliam,51705,70084
Oregon,Grant,51100,70084
Oregon,Harney,42095,70084
Oregon,Hood River,77815,70084
Oregon,Jackson,61020,70084
Oregon,Jefferson,59748,70084
Oregon,Josephine,51733,70084
Oregon,Klamath,50790,70084
Oregon,Lake,50685,70084
Oregon,Lane,59016,70084
Oregon,Lincoln,54961,70084
Oregon,Linn,63313,70084
Oregon,Malheur,47906,70084
Oregon,Marion,64880,70084
Oregon,Morrow,61659,70084
Oregon,Multnomah,76290,70084
Oregon,Polk,70238,70084
Oregon,Sherman,53606,70084
Oregon,Tillamook,55730,70084
Oregon,Umatilla,63123,70084
Oregon,Union,55227,70084
Oregon,Wallowa,57891,70084
Oregon,Wasco,57853,70084
Oregon,Washington,92025,70084
Oregon,Wheeler,46648,70084
Oregon,Yamhill,73409,70084
Pennsylvania,Adams,72492,67587
Pennsylvania,Allegheny,66659,67587
Pennsylvania,Armstrong,56838,67587
Pennsylvania,Beaver,62152,67587
Pennsylvania,Bedford,54596,67587
Pennsylvania,Berks,69272,67587
Pennsylvania,Blair,54368,67587
Pennsylvania,Bradford,54383,67587
Pennsylvania,Bucks,99302,67587
Pennsylvania,Butler,77065,67587
Pennsylvania,Cambria,51018,67587
Pennsylvania,Cameron,43615,67587
Pennsylvania,Carbon,59289,67587
Pennsylvania,Centre,64995,67587
Pennsylvania,Chester,109969,67587
Pennsylvania,Clarion,53096,67587
Pennsylvania,Clearfield,52826,67587
Pennsylvania,Clinton,53792,67587
Pennsylvania,Columbia,55572,67587
Pennsylvania,Crawford,55042,67587
Pennsylvania,Cumberland,77001,67587
Pennsylvania,Dauphin,66480,67587
Pennsylvania,Delaware,80398,67587
Pennsylvania,Elk,57551,67587
Pennsylvania,Erie,55949,67587
Pennsylvania,Fayette,51321,67587
Pennsylvania,Forest,43958,67587
Pennsylvania,Franklin,66329,67587
Pennsylvania,Fulton,58343,67587
Pennsylvania,Greene,57497,67587
Pennsylvania,Huntingdon,57055,67587
Pennsylvania,Indiana,52546,67587
Pennsylvania,Jefferson,52815,67587
Pennsylvania,Juniata,56382,67587
Pennsylvania,Lackawanna,58366,67587
Pennsylvania,Lancaster,73688,67587
Pennsylvania,Lawrence,53106,67587
Pennsylvania,Lebanon,66164,67587
Pennsylvania,Lehigh,69440,67587
Pennsylvania,Luzerne,56534,67587
Pennsylvania,Lycoming,58177,67587
Pennsylvania,McKean,52350,67587
Pennsylvania,Mercer,52810,67587
Pennsylvania,Mifflin,54738,67587
Pennsylvania,Monroe,72679,67587
Pennsylvania,Montgomery,99361,67587
Pennsylvania,Montour,64858,67587
Pennsylvania,Northampton,77103,67587
Pennsylvania,Northumberland,51005,67587
Pennsylvania,Perry,72922,67587
Pennsylvania,Philadelphia,52649,67587
Pennsylvania,Pike,71360,67587
Pennsylvania,Potter,50944,67587
Pennsylvania,Schuylkill,57785,67587
Pennsylvania,Snyder,62951,67587
Pennsylvania,Somerset,54332,67587
Pennsylvania,Sullivan,54074,67587
Pennsylvania,Susquehanna,59391,67587
Pennsylvania,Tioga,54671,67587
Pennsylvania,Union,61807,67587
Pennsylvania,Venango,55899,67587
Pennsylvania,Warren,55796,67587
Pennsylvania,Washington,68787,67587
Pennsylvania,Wayne,56744,67587
Pennsylvania,Westmoreland,64708,67587
Pennsylvania,Wyoming,62795,67587
Pennsylvania,York,72543,67587
Rhode Island,Bristol,95102,74489
Rhode Island,Kent,79880,74489
Rhode Island,Newport,90435,74489
Rhode Island,Providence,65797,74489
Rhode Island,Washington,92001,74489
South Carolina,Abbeville,45710,58234
South Carolina,Aiken,57572,58234
South Carolina,Allendale,31800,58234
South Carolina,Anderson,56796,58234
South Carolina,Bamberg,44408,58234
South Carolina,Barnwell,38237,58234
South Carolina,Beaufort,74199,58234
South Carolina,Berkeley,70786,58234
South Carolina,Calhoun,52491,58234
South Carolina,Charleston,70807,58234
South Carolina,Cherokee,41330,58234
South Carolina,Chester,46441,58234
South Carolina,Chesterfield,45046,58234
South Carolina,Clarendon,45542,58234
South Carolina,Colleton,41419,58234
South Carolina,Darlington,40704,58234
South Carolina,Dillon,39780,58234
South Carolina,Dorchester,68046,58234
South Carolina,Edgefield,55183,58234
South Carolina,Fairfield,41755,58234
South Carolina,Florence,51902,58234
South Carolina,Georgetown,55719,58234
South Carolina,Greenville,65513,58234
South Carolina,Greenwood,44513,58234
South Carolina,Hampton,38298,58234
South Carolina,Horry,54688,58234
South Carolina,Jasper,47811,58234
South Carolina,Kershaw,56449,58234
South Carolina,Lancaster,67407,58234
South Carolina,Laurens,46754,58234
South Carolina,Lee,36195,58234
South Carolina,Lexington,65623,58234
South Carolina,McCormick,53193,58234
South Carolina,Marion,34465,58234
South Carolina,Marlboro,32136,58234
South Carolina,Newberry,50950,58234
South Carolina,Oconee,52842,58234
South Carolina,Orangeburg,38052,58234
South Carolina,Pickens,53188,58234
South Carolina,Richland,56137,58234
South Carolina,Saluda,46451,58234
South Carolina,Spartanburg,57627,58234
South Carolina,Sumter,49040,58234
South Carolina,Union,40048,58234
South Carolina,Williamsburg,40124,58234
South Carolina,York,72234,58234
South Dakota,Aurora,64960,63920
South Dakota,Beadle,56692,63920
South Dakota,Bennett,40664,63920
South Dakota,Bon Homme,53575,63920
South Dakota,Brookings,59178,63920
South Dakota,Brown,63805,63920
South Dakota,Brule,60857,63920
South Dakota,Buffalo,38523,63920
South Dakota,Butte,48941,63920
South Dakota,Campbell,58026,63920
South Dakota,Charles Mix,52981,63920
South Dakota,Clark,54473,63920
South Dakota,Clay,56077,63920
South Dakota,Codington,61496,63920
South Dakota,Corson,38281,63920
South Dakota,Custer,68736,63920
South Dakota,Davison,50900,63920
South Dakota,Day,52775,63920
South Dakota,Deuel,70808,63920
South Dakota,Dewey,46087,63920
South Dakota,Douglas,66750,63920
South Dakota,Edmunds,69732,63920
South Dakota,Fall River,51007,63920
South Dakota,Faulk,53056,63920
South Dakota,Grant,70483,63920
South Dakota,Gregory,44654,63920
South Dakota,Haakon,51016,63920
South Dakota,Hamlin,71923,63920
South Dakota,Hand,61121,63920
South Dakota,Hanson,75132,63920
South Dakota,Harding,64250,63920
South Dakota,Hughes,77725,63920
South Dakota,Hutchinson,62448,63920
South Dakota,Hyde,66328,63920
South Dakota,Jackson,25357,63920
South Dakota,Jerauld,58375,63920
South Dakota,Jones,52321,63920
South Dakota,Kingsbury,62634,63920
South Dakota,Lake,67297,63920
South Dakota,Lawrence,56166,63920
South Dakota,Lincoln,87560,63920
South Dakota,Lyman,55977,63920
South Dakota,McCook,72063,63920
South Dakota,McPherson,54324,63920
South Dakota,Marshall,69236,63920
South Dakota,Meade,68242,63920
South Dakota,Mellette,35726,63920
South Dakota,Miner,56351,63920
South Dakota,Minnehaha,66502,63920
South Dakota,Moody,66000,63920
South Dakota,Oglala Lakota,33192,63920
South Dakota,Pennington,62546,63920
South Dakota,Perkins,59432,63920
South Dakota,Potter,59408,63920
South Dakota,Roberts,53618,63920
South Dakota,Sanborn,58409,63920
South Dakota,Spink,63802,63920
South Dakota,Stanley,76402,63920
South Dakota,Sully,59688,63920
South Dakota,Todd,26250,63920
South Dakota,Tripp,52274,63920
South Dakota,Turner,66199,63920
South Dakota,Union,80238,63920
South Dakota,Walworth,51746,63920
South Dakota,Yankton,67052,63920
South Dakota,Ziebach,38750,63920
Tennessee,Anderson,55414,58516
Tennessee,Bedford,55354,58516
Tennessee,Benton,40258,58516
Tennessee,Bledsoe,51884,58516
Tennessee,Blount,64593,58516
Tennessee,Bradley,55426,58516
Tennessee,Campbell,46110,58516
Tennessee,Cannon,54223,58516
Tennessee,Carroll,44794,58516
Tennessee,Carter,44280,58516
Tennessee,Cheatham,69132,58516
Tennessee,Chester,52692,58516
Tennessee,Claiborne,41938,58516
Tennessee,Clay,38709,58516
Tennessee,Cocke,41558,58516
Tennessee,Coffee,52626,58516
Tennessee,Crockett,52136,58516
Tennessee,Cumberland,52630,58516
Tennessee,Davidson,66047,58516
Tennessee,Decatur,43817,58516
Tennessee,DeKalb,45728,58516
Tennessee,Dickson,61388,58516
Tennessee,Dyer,50245,58516
Tennessee,Fayette,69729,58516
Tennessee,Fentress,43464,58516
Tennessee,Franklin,52189,58516
Tennessee,Gibson,49615,58516
Tennessee,Giles,54061,58516
Tennessee,Grainger,44917,58516
Tennessee,Greene,47361,58516
Tennessee,Grundy,45150,58516
Tennessee,Hamblen,45275,58516
Tennessee,Hamilton,61050,58516
Tennessee,Hancock,29650,58516
Tennessee,Hardeman,41138,58516
Tennessee,Hardin,45092,58516
Tennessee,Hawkins,49101,58516
Tennessee,Haywood,39952,58516
Tennessee,Henderson,47885,58516
Tennessee,Henry,43444,58516
Tennessee,Hickman,48527,58516
Tennessee,Houston,46535,58516
Tennessee,Humphreys,49745,58516
Tennessee,Jackson,41890,58516
Tennessee,Jefferson,54371,58516
Tennessee,Johnson,42552,58516
Tennessee,Knox,62911,58516
Tennessee,Lake,34923,58516
Tennessee,Lauderdale,43025,58516
Tennessee,Lawrence,45721,58516
Tennessee,Lewis,38664,58516
Tennessee,Lincoln,57455,58516
Tennessee,Loudon,66151,58516
Tennessee,McMinn,51253,58516
Tennessee,McNairy,42691,58516
Tennessee,Macon,43605,58516
Tennessee,Madison,51526,58516
Tennessee,Marion,53148,58516
Tennessee,Marshall,60036,58516
Tennessee,Maury,66353,58516
Tennessee,Meigs,54420,58516
Tennessee,Monroe,48488,58516
Tennessee,Montgomery,63768,58516
Tennessee,Moore,64926,58516
Tennessee,Morgan,45133,58516
Tennessee,Obion,45606,58516
Tennessee,Overton,39737,58516
Tennessee,Perry,51786,58516
Tennessee,Pickett,42931,58516
Tennessee,Polk,49446,58516
Tennessee,Putnam,49228,58516
Tennessee,Rhea,48872,58516
Tennessee,Roane,60044,58516
Tennessee,Robertson,67597,58516
Tennessee,Rutherford,72985,58516
Tennessee,Scott,38409,58516
Tennessee,Sequatchie,47835,58516
Tennessee,Sevier,54363,58516
Tennessee,Shelby,55015,58516
Tennessee,Smith,52018,58516
Tennessee,Stewart,51460,58516
Tennessee,Sullivan,49661,58516
Tennessee,Sumner,73517,58516
Tennessee,Tipton,63783,58516
Tennessee,Trousdale,58274,58516
Tennessee,Unicoi,47610,58516
Tennessee,Union,50868,58516
Tennessee,Van Buren,44444,58516
Tennessee,Warren,46189,58516
Tennessee,Washington,52503,58516
Tennessee,Wayne,45402,58516
Tennessee,Weakley,43773,58516
Tennessee,White,44777,58516
Tennessee,Williamson,116492,58516
Tennessee,Wilson,82224,58516
Texas,Anderson,49736,67321
Texas,Andrews,80518,67321
Texas,Angelina,52377,67321
Texas,Aransas,51509,67321
Texas,Archer,67083,67321
Texas,Armstrong,71136,67321
Texas,Atascosa,63391,67321
Texas,Austin,68400,67321
Texas,Bailey,64044,67321
Texas,Bandera,64495,67321
Texas,Bastrop,78339,67321
Texas,Baylor,43705,67321
Texas,Bee,48822,67321
Texas,Bell,57932,67321
Texas,Bexar,62169,67321
Texas,Blanco,71201,67321
Texas,Borden,68500,67321
Texas,Bosque,59328,67321
Texas,Bowie,54949,67321
Texas,Brazoria,87958,67321
Texas,Brazos,52658,67321
Texas,Brewster,48679,67321
Texas,Briscoe,38469,67321
Texas,Brooks,26827,67321
Texas,Brown,49232,67321
Texas,Burleson,64109,67321
Texas,Burnet,65363,67321
Texas,Caldwell,63380,67321
Texas,Calhoun,61887,67321
Texas,Callahan,55820,67321
Texas,Cameron,43057,67321
Texas,Camp,50947,67321
Texas,Carson,76786,67321
Texas,Cass,49626,67321
Texas,Castro,53551,67321
Texas,Chambers,93707,67321
Texas,Cherokee,54222,67321
Texas,Childress,53092,67321
Texas,Clay,69967,67321
Texas,Cochran,38203,67321
Texas,Coke,42639,67321
Texas,Coleman,47216,67321
Texas,Collin,104327,67321
Texas,Collingsworth,42446,67321
Texas,Colorado,55945,67321
Texas,Comal,85912,67321
Texas,Comanche,55743,67321
Texas,Concho,46719,67321
Texas,Cooke,63338,67321
Texas,Coryell,58414,67321
Texas,Cottle,43654,67321
Texas,Crane,67804,67321
Texas,Crockett,52731,67321
Texas,Crosby,44304,67321
Texas,Culberson,34239,67321
Texas,Dallam,61069,67321
Texas,Dallas,65011,67321
Texas,Dawson,42778,67321
Texas,Deaf Smith,49611,67321
Texas,Delta,58705,67321
Texas,Denton,96265,67321
Texas,DeWitt,57873,67321
Texas,Dickens,42241,67321
Texas,Dimmit,25000,67321
Texas,Donley,52888,67321
Texas,Duval,43836,67321
Texas,Eastland,43953,67321
Texas,Ector,64975,67321
Texas,Edwards,40000,67321
Texas,Ellis,85272,67321
Texas,El Paso,50919,67321
Texas,Erath,56691,67321
Texas,Falls,35317,67321
Texas,Fannin,59686,67321
Texas,Fayette,66624,67321
Texas,Fisher,55862,67321
Texas,Floyd,54007,67321
Texas,Foard,37679,67321
Texas,Fort Bend,102590,67321
Texas,Franklin,61391,67321
Texas,Freestone,55910,67321
Texas,Frio,58456,67321
Texas,Gaines,67728,67321
Texas,Galveston,79328,67321
Texas,Garza,64871,67321
Texas,Gillespie,64438,67321
Texas,Glasscock,85417,67321
Texas,Goliad,52335,67321
Texas,Gonzales,55698,67321
Texas,Gray,50635,67321
Texas,Grayson,62078,67321
Texas,Gregg,56566,67321
Texas,Grimes,59086,67321
Texas,Guadalupe,80047,67321
Texas,Hale,48649,67321
Texas,Hall,41467,67321
Texas,Hamilton,44030,67321
Texas,Hansford,47500,67321
Texas,Hardeman,56400,67321
Texas,Hardin,65347,67321
Texas,Harris,65788,67321
Texas,Harrison,57996,67321
Texas,Hartley,61196,67321
Texas,Haskell,48432,67321
Texas,Hays,71061,67321
Texas,Hemphill,54867,67321
Texas,Henderson,51963,67321
Texas,Hidalgo,44666,67321
Texas,Hill,57800,67321
Texas,Hockley,49241,67321
Texas,Hood,75851,67321
Texas,Hopkins,57745,67321
Texas,Houston,43644,67321
Texas,Howard,60260,67321
Texas,Hudspeth,32404,67321
Texas,Hunt,61053,67321
Texas,Hutchinson,57288,67321
Texas,Irion,39770,67321
Texas,Jack,56916,67321
Texas,Jackson,60807,67321
Texas,Jasper,44356,67321
Texas,Jeff Davis,38659,67321
Texas,Jefferson,53613,67321
Texas,Jim Hogg,37342,67321
Texas,Jim Wells,47629,67321
Texas,Johnson,70767,67321
Texas,Jones,55575,67321
Texas,Karnes,49526,67321
Texas,Kaufman,75187,67321
Texas,Kendall,100706,67321
Texas,Kenedy,42778,67321
Texas,Kent,63994,67321
Texas,Kerr,62204,67321
Texas,Kimble,55677,67321
Texas,King,42125,67321
Texas,Kinney,58925,67321
Texas,Kleberg,49986,67321
Texas,Knox,50163,67321
Texas,Lamar,51561,67321
Texas,Lamb,50041,67321
Texas,Lampasas,66506,67321
Texas,La Salle,61042,67321
Texas,Lavaca,57602,67321
Texas,Lee,60750,67321
Texas,Leon,48676,67321
Texas,Liberty,53871,67321
Texas,Limestone,49507,67321
Texas,Lipscomb,66250,67321
Texas,Live Oak,52870,67321
Texas,Llano,62839,67321
Texas,Loving,-666666666,67321
Texas,Lubbock,56529,67321
Texas,Lynn,49747,67321
Texas,McCulloch,46552,67321
Texas,McLennan,53723,67321
Texas,McMullen,63056,67321
Texas,Madison,59923,67321
Texas,Marion,43153,67321
Texas,Martin,69194,67321
Texas,Mason,73186,67321
Texas,Matagorda,48566,67321
Texas,Maverick,44502,67321
Texas,Medina,67180,67321
Texas,Menard,40341,67321
Texas,Midland,88210,67321
Texas,Milam,52810,67321
Texas,Mills,53483,67321
Texas,Mitchell,50144,67321
Texas,Montague,59127,67321
Texas,Montgomery,88597,67321
Texas,Moore,55543,67321
Texas,Morris,46468,67321
Texas,Motley,59286,67321
Texas,Nacogdoches,47306,67321
Texas,Navarro,50466,67321
Texas,Newton,38116,67321
Texas,Nolan,44700,67321
Texas,Nueces,59477,67321
Texas,Ochiltree,57413,67321
Texas,Oldham,68077,67321
Texas,Orange,68756,67321
Texas,Palo Pinto,59796,67321
Texas,Panola,54853,67321
Texas,Parker,88535,67321
Texas,Parmer,62885,67321
Texas,Pecos,55652,67321
Texas,Polk,52826,67321
Texas,Potter,45096,67321
Texas,Presidio,26395,67321
Texas,Rains,55758,67321
Texas,Randall,70544,67321
Texas,Reagan,62829,67321
Texas,Real,44083,67321
Texas,Red River,40674,67321
Texas,Reeves,53548,67321
Texas,Refugio,50745,67321
Texas,Roberts,62717,67321
Texas,Robertson,55709,67321
Texas,Rockwall,111595,67321
Texas,Runnels,52103,67321
Texas,Rusk,60330,67321
Texas,Sabine,41308,67321
Texas,San Augustine,43130,67321
Texas,San Jacinto,46678,67321
Texas,San Patricio,59532,67321
Texas,San Saba,46927,67321
Texas,Schleicher,61094,67321
Texas,Scurry,53376,67321
Texas,Shackelford,54896,67321
Texas,Shelby,44504,67321
Texas,Sherman,55667,67321
Texas,Smith,62518,67321
Texas,Somervell,89253,67321
Texas,Starr,33334,67321
Texas,Stephens,46537,67321
Texas,Sterling,55481,67321
Texas,Stonewall,62273,67321
Texas,Sutton,61538,67321
Texas,Swisher,39685,67321
Texas,Tarrant,73545,67321
Texas,Taylor,57811,67321
Texas,Terrell,47012,67321
Texas,Terry,47734,67321
Texas,Throckmorton,47500,67321
Texas,Titus,53818,67321
Texas,Tom Green,62052,67321
Texas,Travis,85043,67321
Texas,Trinity,45392,67321
Texas,Tyler,49130,67321
Texas,Upshur,55046,67321
Texas,Upton,58333,67321
Texas,Uvalde,51602,67321
Texas,Val Verde,51949,67321
Texas,Van Zandt,61121,67321
Texas,Victoria,60598,67321
Texas,Walker,44104,67321
Texas,Waller,65379,67321
Texas,Ward,66216,67321
Texas,Washington,65913,67321
Texas,Webb,54618,67321
Texas,Wharton,53963,67321
Texas,Wheeler,52138,67321
Texas,Wichita,53272,67321
Texas,Wilbarger,45262,67321
Texas,Willacy,39401,67321
Texas,Williamson,94705,67321
Texas,Wilson,84042,67321
Texas,Winkler,67904,67321
Texas,Wise,75482,67321
Texas,Wood,58418,67321
Texas,Yoakum,73102,67321
Texas,Young,52074,67321
Texas,Zapata,34406,67321
Texas,Zavala,44573,67321
Utah,Beaver,74569,79133
Utah,Box Elder,67486,79133
Utah,Cache,65670,79133
Utah,Carbon,51725,79133
Utah,Daggett,49792,79133
Utah,Davis,92765,79133
Utah,Duchesne,66463,79133
Utah,Emery,61234,79133
Utah,Garfield,45724,79133
Utah,Grand,51433,79133
Utah,Iron,56308,79133
Utah,Juab,74741,79133
Utah,Kane,56395,79133
Utah,Millard,66304,79133
Utah,Morgan,112721,79133
Utah,Piute,33611,79133
Utah,Rich,67396,79133
Utah,Salt Lake,82206,79133
Utah,San Juan,52400,79133
Utah,Sanpete,60186,79133
Utah,Sevier,60262,79133
Utah,Summit,116351,79133
Utah,Tooele,87557,79133
Utah,Uintah,61293,79133
Utah,Utah,82893,79133
Utah,Wasatch,94044,79133
Utah,Washington,65040,79133
Utah,Wayne,55605,79133
Utah,Weber,74345,79133
Vermont,Addison,77978,67674
Vermont,Bennington,63448,67674
Vermont,Caledonia,55159,67674
Vermont,Chittenden,81957,67674
Vermont,Essex,48194,67674
Vermont,Franklin,68476,67674
Vermont,Grand Isle,85154,67674
Vermont,Lamoille,66016,67674
Vermont,Orange,67906,67674
Vermont,Orleans,58037,67674
Vermont,Rutland,59751,67674
Vermont,Washington,70128,67674
Vermont,Windham,59195,67674
Vermont,Windsor,63787,67674
Virginia,Accomack,50601,80615
Virginia,Albemarle,90568,80615
Virginia,Alleghany,49705,80615
Virginia,Amelia,57420,80615
Virginia,Amherst,60876,80615
Virginia,Appomattox,55268,80615
Virginia,Arlington,128145,80615
Virginia,Augusta,69082,80615
Virginia,Bath,55807,80615
Virginia,Bedford,70870,80615
Virginia,Bland,54556,80615
Virginia,Botetourt,72941,80615
Virginia,Brunswick,49597,80615
Virginia,Buchanan,37093,80615
Virginia,Buckingham,49841,80615
Virginia,Campbell,53918,80615
Virginia,Caroline,76528,80615
Virginia,Carroll,45220,80615
Virginia,Charles City,59543,80615
Virginia,Charlotte,45567,80615
Virginia,Chesterfield,88315,80615
Virginia,Clarke,86633,80615
Virginia,Craig,60283,80615
Virginia,Culpeper,85274,80615
Virginia,Cumberland,57568,80615
Virginia,Dickenson,33905,80615
Virginia,Dinwiddie,68918,80615
Virginia,Essex,54375,80615
Virginia,Fairfax,133974,80615
Virginia,Fauquier,111368,80615
Virginia,Floyd,51612,80615
Virginia,Fluvanna,82983,80615
Virginia,Franklin,59667,80615
Virginia,Frederick,84317,80615
Virginia,Giles,57911,80615
Virginia,Gloucester,77733,80615
Virginia,Goochland,100517,80615
Virginia,Grayson,43022,80615
Virginia,Greene,73844,80615
Virginia,Greensville,53063,80615
Virginia,Halifax,45962,80615
Virginia,Hanover,96911,80615
Virginia,Henrico,76345,80615
Virginia,Henry,41103,80615
Virginia,Highland,52901,80615
Virginia,Isle of Wight,84673,80615
Virginia,James City,94907,80615
Virginia,King and Queen,61672,80615
Virginia,King George,101599,80615
Virginia,King William,74592,80615
Virginia,Lancaster,64460,80615
Virginia,Lee,37574,80615
Virginia,Loudoun,156821,80615
Virginia,Louisa,70974,80615
Virginia,Lunenburg,47269,80615
Virginia,Madison,72349,80615
Virginia,Mathews,73229,80615
Virginia,Mecklenburg,46378,80615
Virginia,Middlesex,63782,80615
Virginia,Montgomery,60666,80615
Virginia,Nelson,67707,80615
Virginia,New Kent,101628,80615
Virginia,Northampton,50347,80615
Virginia,Northumberland,61291,80615
Virginia,Nottoway,54614,80615
Virginia,Orange,79211,80615
Virginia,Page,53168,80615
Virginia,Patrick,47215,80615
Virginia,Pittsylvania,49486,80615
Virginia,Powhatan,101395,80615
Virginia,Prince Edward,49019,80615
Virginia,Prince George,78895,80615
Virginia,Prince William,113831,80615
Virginia,Pulaski,55446,80615
Virginia,Rappahannock,90307,80615
Virginia,Richmond,57697,80615
Virginia,Roanoke,74622,80615
Virginia,Rockbridge,57828,80615
Virginia,Rockingham,67484,80615
Virginia,Russell,41100,80615
Virginia,Scott,42561,80615
Virginia,Shenandoah,58609,80615
Virginia,Smyth,42588,80615
Virginia,Southampton,65079,80615
Virginia,Spotsylvania,98973,80615
Virginia,Stafford,119818,80615
Virginia,Surry,61105,80615
Virginia,Sussex,56968,80615
Virginia,Tazewell,42937,80615
Virginia,Warren,72840,80615
Virginia,Washington,54737,80615
Virginia,Westmoreland,53113,80615
Virginia,Wise,44884,80615
Virginia,Wythe,52726,80615
Virginia,York,96144,80615
Virginia,Alexandria city,105450,80615
Virginia,Bristol city,43879,80615
Virginia,Buena Vista city,42156,80615
Virginia,Charlottesville city,63470,80615
Virginia,Chesapeake city,85563,80615
Virginia,Colonial Heights city,65570,80615
Virginia,Covington city,41242,80615
Virginia,Danville city,38904,80615
Virginia,Emporia city,36111,80615
Virginia,Fairfax city,118492,80615
Virginia,Falls Church city,155071,80615
Virginia,Franklin city,49424,80615
Virginia,Fredericksburg city,72293,80615
Virginia,Galax city,39808,80615
Virginia,Hampton city,59380,80615
Virginia,Harrisonburg city,51055,80615
Virginia,Hopewell city,44209,80615
Virginia,Lexington city,66114,80615
Virginia,Lynchburg city,54015,80615
Virginia,Manassas city,101934,80615
Virginia,Manassas Park city,90544,80615
Virginia,Martinsville city,36832,80615
Virginia,Newport News city,57463,80615
Virginia,Norfolk city,56244,80615
Virginia,Norton city,35592,80615
Virginia,Petersburg city,44890,80615
Virginia,Poquoson city,112026,80615
Virginia,Portsmouth city,54020,80615
Virginia,Radford city,44360,80615
Virginia,Richmond city,54795,80615
Virginia,Roanoke city,48476,80615
Virginia,Salem city,66472,80615
Virginia,Staunton city,53041,80615
Virginia,Suffolk city,81883,80615
Virginia,Virginia Beach city,81810,80615
Virginia,Waynesboro city,47238,80615
Virginia,Williamsburg city,65297,80615
Virginia,Winchester city,61321,80615
Washington,Adams,54573,82400
Washington,Asotin,57263,82400
Washington,Benton,76612,82400
Washington,Chelan,64895,82400
Washington,Clallam,60044,82400
Washington,Clark,82719,82400
Washington,Columbia,64688,82400
Washington,Cowlitz,64506,82400
Washington,Douglas,68979,82400
Washington,Ferry,45907,82400
Washington,Franklin,72452,82400
Washington,Garfield,50625,82400
Washington,Grant,63566,82400
Washington,Grays Harbor,53615,82400
Washington,Island,75628,82400
Washington,Jefferson,59968,82400
Washington,King,106326,82400
Washington,Kitsap,84600,82400
Washington,Kittitas,64134,82400
Washington,Klickitat,59583,82400
Washington,Lewis,60581,82400
Washington,Lincoln,62810,82400
Washington,Mason,66325,82400
Washington,Okanogan,51992,82400
Washington,Pacific,54598,82400
Washington,Pend Oreille,59134,82400
Washington,Pierce,82574,82400
Washington,San Juan,68577,82400
Washington,Skagit,75308,82400
Washington,Skamania,75565,82400
Washington,Snohomish,95618,82400
Washington,Spokane,64079,82400
Washington,Stevens,57206,82400
Washington,Thurston,81501,82400
Washington,Wahkiakum,54422,82400
Washington,Walla Walla,63686,82400
Washington,Whatcom,70011,82400
Washington,Whitman,43613,82400
Washington,Yakima,58380,82400
West Virginia,Barbour,42260,50884
West Virginia,Berkeley,68101,50884
West Virginia,Boone,50598,50884
West Virginia,Braxton,42519,50884
West Virginia,Brooke,51210,50884
West Virginia,Cabell,43779,50884
West Virginia,Calhoun,37428,50884
West Virginia,Clay,37197,50884
West Virginia,Doddridge,58750,50884
West Virginia,Fayette,45988,50884
West Virginia,Gilmer,45870,50884
West Virginia,Grant,47224,50884
West Virginia,Greenbrier,41694,50884
West Virginia,Hampshire,50890,50884
West Virginia,Hancock,52062,50884
West Virginia,Hardy,46592,50884
West Virginia,Harrison,54124,50884
West Virginia,Jackson,53165,50884
West Virginia,Jefferson,86711,50884
West Virginia,Kanawha,50574,50884
West Virginia,Lewis,45345,50884
West Virginia,Lincoln,46683,50884
West Virginia,Logan,38493,50884
West Virginia,McDowell,30127,50884
West Virginia,Marion,55094,50884
West Virginia,Marshall,52371,50884
West Virginia,Mason,49957,50884
West Virginia,Mercer,43293,50884
West Virginia,Mineral,57345,50884
West Virginia,Mingo,35349,50884
West Virginia,Monongalia,56466,50884
West Virginia,Monroe,47417,50884
West Virginia,Morgan,56616,50884
West Virginia,Nicholas,42946,50884
West Virginia,Ohio,51516,50884
West Virginia,Pendleton,46506,50884
West Virginia,Pleasants,58433,50884
West Virginia,Pocahontas,37225,50884
West Virginia,Preston,55755,50884
West Virginia,Putnam,68740,50884
West Virginia,Raleigh,43150,50884
West Virginia,Randolph,47343,50884
West Virginia,Ritchie,45184,50884
West Virginia,Roane,38608,50884
West Virginia,Summers,41077,50884
West Virginia,Taylor,52823,50884
West Virginia,Tucker,49808,50884
West Virginia,Tyler,50601,50884
West Virginia,Upshur,44470,50884
West Virginia,Wayne,45591,50884
West Virginia,Webster,37720,50884
West Virginia,Wetzel,47611,50884
West Virginia,Wirt,49441,50884
West Virginia,Wood,50231,50884
West Virginia,Wyoming,44630,50884
Wisconsin,Adams,51878,67080
Wisconsin,Ashland,55070,67080
Wisconsin,Barron,55256,67080
Wisconsin,Bayfield,62859,67080
Wisconsin,Brown,68799,67080
Wisconsin,Buffalo,61167,67080
Wisconsin,Burnett,55890,67080
Wisconsin,Calumet,78453,67080
Wisconsin,Chippewa,63172,67080
Wisconsin,Clark,57547,67080
Wisconsin,Columbia,73786,67080
Wisconsin,Crawford,54526,67080
Wisconsin,Dane,78452,67080
Wisconsin,Dodge,66403,67080
Wisconsin,Door,63856,67080
Wisconsin,Douglas,59688,67080
Wisconsin,Dunn,64420,67080
Wisconsin,Eau Claire,64777,67080
Wisconsin,Florence,52143,67080
Wisconsin,Fond du Lac,66390,67080
Wisconsin,Forest,51959,67080
Wisconsin,Grant,58289,67080
Wisconsin,Green,70267,67080
Wisconsin,Green Lake,60597,67080
Wisconsin,Iowa,73716,67080
Wisconsin,Iron,48908,67080
Wisconsin,Jackson,59422,67080
Wisconsin,Jefferson,71735,67080
Wisconsin,Juneau,58561,67080
Wisconsin,Kenosha,70073,67080
Wisconsin,Kewaunee,72328,67080
Wisconsin,La Crosse,62817,67080
Wisconsin,Lafayette,65009,67080
Wisconsin,Langlade,53313,67080
Wisconsin,Lincoln,61363,67080
Wisconsin,Manitowoc,61454,67080
Wisconsin,Marathon,67940,67080
Wisconsin,Marinette,55694,67080
Wisconsin,Marquette,55386,67080
Wisconsin,Menominee,54940,67080
Wisconsin,Milwaukee,54793,67080
Wisconsin,Monroe,63061,67080
Wisconsin,Oconto,68426,67080
Wisconsin,Oneida,62660,67080
Wisconsin,Outagamie,72695,67080
Wisconsin,Ozaukee,86915,67080
Wisconsin,Pepin,63015,67080
Wisconsin,Pierce,78341,67080
Wisconsin,Polk,67878,67080
Wisconsin,Portage,65550,67080
Wisconsin,Price,52052,67080
Wisconsin,Racine,67224,67080
Wisconsin,Richland,56089,67080
Wisconsin,Rock,65518,67080
Wisconsin,Rusk,51978,67080
Wisconsin,St. Croix,91320,67080
Wisconsin,Sauk,67702,67080
Wisconsin,Sawyer,53011,67080
Wisconsin,Shawano,59767,67080
Wisconsin,Sheboygan,65352,67080
Wisconsin,Taylor,56350,67080
Wisconsin,Trempealeau,64336,67080
Wisconsin,Vernon,57933,67080
Wisconsin,Vilas,56837,67080
Wisconsin,Walworth,69382,67080
Wisconsin,Washburn,54550,67080
Wisconsin,Washington,85574,67080
Wisconsin,Waukesha,94310,67080
Wisconsin,Waupaca,65070,67080
Wisconsin,Waushara,57224,67080
Wisconsin,Winnebago,63938,67080
Wisconsin,Wood,57996,67080
Wyoming,Albany,50733,68002
Wyoming,Big Horn,56059,68002
Wyoming,Campbell,87547,68002
Wyoming,Carbon,62654,68002
Wyoming,Converse,73698,68002
Wyoming,Crook,67835,68002
Wyoming,Fremont,57887,68002
Wyoming,Goshen,58318,68002
Wyoming,Hot Springs,60805,68002
Wyoming,Johnson,58020,68002
Wyoming,Laramie,71550,68002
Wyoming,Lincoln,74835,68002
Wyoming,Natrona,64100,68002
Wyoming,Niobrara,48688,68002
Wyoming,Park,62586,68002
Wyoming,Platte,59402,68002
Wyoming,Sheridan,62531,68002
Wyoming,Sublette,82342,68002
Wyoming,Sweetwater,76668,68002
Wyoming,Teton,94498,68002
Wyoming,Uinta,75106,68002
Wyoming,Washakie,62271,68002
Wyoming,Weston,65566,68002
Puerto Rico,Adjuntas Municipio,15375,21967
Puerto Rico,Aguada Municipio,18733,21967
Puerto Rico,Aguadilla Municipio,16940,21967
Puerto Rico,Aguas Buenas Municipio,21844,21967
Puerto Rico,Aibonito Municipio,21139,21967
Puerto Rico,Aasco Municipio,21189,21967
Puerto Rico,Arecibo Municipio,19311,21967
Puerto Rico,Arroyo Municipio,14933,21967
Puerto Rico,Barceloneta Municipio,19051,21967
Puerto Rico,Barranquitas Municipio,20290,21967
Puerto Rico,Bayamn Municipio,27812,21967
Puerto Rico,Cabo Rojo Municipio,18581,21967
Puerto Rico,Caguas Municipio,27062,21967
Puerto Rico,Camuy Municipio,19745,21967
Puerto Rico,Canvanas Municipio,23517,21967
Puerto Rico,Carolina Municipio,30678,21967
Puerto Rico,Catao Municipio,20089,21967
Puerto Rico,Cayey Municipio,23823,21967
Puerto Rico,Ceiba Municipio,20748,21967
Puerto Rico,Ciales Municipio,18990,21967
Puerto Rico,Cidra Municipio,23327,21967
Puerto Rico,Coamo Municipio,19267,21967
Puerto Rico,Comero Municipio,14666,21967
Puerto Rico,Corozal Municipio,19285,21967
Puerto Rico,Culebra Municipio,25104,21967
Puerto Rico,Dorado Municipio,29744,21967
Puerto Rico,Fajardo Municipio,21701,21967
Puerto Rico,Florida Municipio,21487,21967
Puerto Rico,Gunica Municipio,12856,21967
Puerto Rico,Guayama Municipio,17815,21967
Puerto Rico,Guayanilla Municipio,19023,21967
Puerto Rico,Guaynabo Municipio,39176,21967
Puerto Rico,Gurabo Municipio,35470,21967
Puerto Rico,Hatillo Municipio,20955,21967
Puerto Rico,Hormigueros Municipio,20811,21967
Puerto Rico,Humacao Municipio,22431,21967
Puerto Rico,Isabela Municipio,17123,21967
Puerto Rico,Jayuya Municipio,16780,21967
Puerto Rico,Juana Daz Municipio,21420,21967
Puerto Rico,Juncos Municipio,22283,21967
Puerto Rico,Lajas Municipio,15593,21967
Puerto Rico,Lares Municipio,17629,21967
Puerto Rico,Las Maras Municipio,15353,21967
Puerto Rico,Las Piedras Municipio,24466,21967
Puerto Rico,Loza Municipio,19541,21967
Puerto Rico,Luquillo Municipio,22216,21967
Puerto Rico,Manat Municipio,19427,21967
Puerto Rico,Maricao Municipio,19223,21967
Puerto Rico,Maunabo Municipio,21678,21967
Puerto Rico,Mayagez Municipio,15501,21967
Puerto Rico,Moca Municipio,17685,21967
Puerto Rico,Morovis Municipio,21598,21967
Puerto Rico,Naguabo Municipio,18412,21967
Puerto Rico,Naranjito Municipio,19156,21967
Puerto Rico,Orocovis Municipio,15637,21967
Puerto Rico,Patillas Municipio,17783,21967
Puerto Rico,Peuelas Municipio,18123,21967
Puerto Rico,Ponce Municipio,17747,21967
Puerto Rico,Quebradillas Municipio,18947,21967
Puerto Rico,Rincn Municipio,24744,21967
Puerto Rico,Ro Grande Municipio,23679,21967
Puerto Rico,Sabana Grande Municipio,18857,21967
Puerto Rico,Salinas Municipio,18563,21967
Puerto Rico,San Germn Municipio,16492,21967
Puerto Rico,San Juan Municipio,24347,21967
Puerto Rico,San Lorenzo Municipio,19339,21967
Puerto Rico,San Sebastin Municipio,16812,21967
Puerto Rico,Santa Isabel Municipio,20784,21967
Puerto Rico,Toa Alta Municipio,28098,21967
Puerto Rico,Toa Baja Municipio,26587,21967
Puerto Rico,Trujillo Alto Municipio,33948,21967
Puerto Rico,Utuado Municipio,15812,21967
Puerto Rico,Vega Alta Municipio,21828,21967
Puerto Rico,Vega Baja Municipio,21507,21967
Puerto Rico,Vieques Municipio,14942,21967
Puerto Rico,Villalba Municipio,20722,21967
Puerto Rico,Yabucoa Municipio,17267,21967
Puerto Rico,Yauco Municipio,16444,21967
