State,County,County Median Household Income,State Median Household Income
Alabama,Autauga,68315,59609
Alabama,Baldwin,71039,59609
Alabama,Barbour,39712,59609
Alabama,Bibb,50669,59609
Alabama,Blount,57440,59609
Alabama,Bullock,36136,59609
Alabama,Butler,44429,59609
Alabama,Calhoun,54339,59609
Alabama,Chambers,48805,59609
Alabama,Cherokee,46621,59609
Alabama,Chilton,62471,59609
Alabama,Choctaw,43299,59609
Alabama,Clarke,47549,59609
Alabama,Clay,48074,59609
Alabama,Cleburne,51553,59609
Alabama,Coffee,62199,59609
Alabama,Colbert,56149,59609
Alabama,Conecuh,39888,59609
Alabama,Coosa,52279,59609
Alabama,Covington,48772,59609
Alabama,Crenshaw,48557,59609
Alabama,Cullman,58119,59609
Alabama,Dale,52813,59609
Alabama,Dallas,37180,59609
Alabama,DeKalb,47920,59609
Alabama,Elmore,73258,59609
Alabama,Escambia,41153,59609
Alabama,Etowah,52177,59609
Alabama,Fayette,45650,59609
Alabama,Franklin,47359,59609
Alabama,Geneva,47608,59609
Alabama,Greene,32796,59609
Alabama,Hale,35851,59609
Alabama,Henry,58395,59609
Alabama,Houston,55064,59609
Alabama,Jackson,46748,59609
Alabama,Jefferson,63595,59609
Alabama,Lamar,49565,59609
Alabama,Lauderdale,56081,59609
Alabama,Lawrence,54786,59609
Alabama,Lee,59288,59609
Alabama,Limestone,80146,59609
Alabama,Lowndes,33125,59609
Alabama,Macon,41206,59609
Alabama,Madison,78058,59609
Alabama,Marengo,42975,59609
Alabama,Marion,49743,59609
Alabama,Marshall,58272,59609
Alabama,Mobile,55352,59609
Alabama,Monroe,39965,59609
Alabama,Montgomery,56707,59609
Alabama,Morgan,61588,59609
Alabama,Perry,32332,59609
Alabama,Pickens,45339,59609
Alabama,Pike,42616,59609
Alabama,Randolph,49879,59609
Alabama,Russell,47420,59609
Alabama,St. Clair,73218,59609
Alabama,Shelby,90618,59609
Alabama,Sumter,31726,59609
Alabama,Talladega,52457,59609
Alabama,Tallapoosa,53282,59609
Alabama,Tuscaloosa,61645,59609
Alabama,Walker,52987,59609
Alabama,Washington,51184,59609
Alabama,Wilcox,38208,59609
Alabama,Winston,49494,59609
Alaska,Aleutians East Borough,79961,86370
Alaska,Aleutians West Census Area,100662,86370
Alaska,Anchorage Municipality,95731,86370
Alaska,Bethel Census Area,64094,86370
Alaska,Bristol Bay Borough,94167,86370
Alaska,Chugach Census Area,83068,86370
Alaska,Copper River Census Area,70606,86370
Alaska,Denali Borough,87292,86370
Alaska,Dillingham Census Area,69412,86370
Alaska,Fairbanks North Star Borough,81655,86370
Alaska,Haines Borough,68276,86370
Alaska,Hoonah-Angoon Census Area,62344,86370
Alaska,Juneau City and Borough,95711,86370
Alaska,Kenai Peninsula Borough,76272,86370
Alaska,Ketchikan Gateway Borough,82763,86370
Alaska,Kodiak Island Borough,91138,86370
Alaska,Kusilvak Census Area,42663,86370
Alaska,Lake and Peninsula Borough,61607,86370
Alaska,Matanuska-Susitna Borough,86435,86370
Alaska,Nome Census Area,70121,86370
Alaska,North Slope Borough,83472,86370
Alaska,Northwest Arctic Borough,77647,86370
Alaska,Petersburg Borough,77826,86370
Alaska,Prince of Wales-Hyder Census Area,61779,86370
Alaska,Sitka City and Borough,95261,86370
Alaska,Skagway Municipality,79583,86370
Alaska,Southeast Fairbanks Census Area,75378,86370
Alaska,Wrangell City and Borough,61000,86370
Alaska,Yakutat City and Borough,76875,86370
Alaska,Yukon-Koyukuk Census Area,47826,86370
Arizona,Apache,37483,72581
Arizona,Cochise,58421,72581
Arizona,Coconino,67266,72581
Arizona,Gila,55242,72581
Arizona,Graham,64089,72581
Arizona,Greenlee,73756,72581
Arizona,La Paz,46634,72581
Arizona,Maricopa,80675,72581
Arizona,Mohave,53592,72581
Arizona,Navajo,50335,72581
Arizona,Pima,64323,72581
Arizona,Pinal,73313,72581
Arizona,Santa Cruz,51885,72581
Arizona,Yavapai,62430,72581
Arizona,Yuma,56439,72581
Arkansas,Arkansas,58695,56335
Arkansas,Ashley,44804,56335
Arkansas,Baxter,47403,56335
Arkansas,Benton,85269,56335
Arkansas,Boone,52275,56335
Arkansas,Bradley,43688,56335
Arkansas,Calhoun,60237,56335
Arkansas,Carroll,56826,56335
Arkansas,Chicot,36593,56335
Arkansas,Clark,48071,56335
Arkansas,Clay,44685,56335
Arkansas,Cleburne,52780,56335
Arkansas,Cleveland,48913,56335
Arkansas,Columbia,47441,56335
Arkansas,Conway,50282,56335
Arkansas,Craighead,55169,56335
Arkansas,Crawford,56702,56335
Arkansas,Crittenden,51860,56335
Arkansas,Cross,48129,56335
Arkansas,Dallas,40085,56335
Arkansas,Desha,38067,56335
Arkansas,Drew,44968,56335
Arkansas,Faulkner,61273,56335
Arkansas,Franklin,47695,56335
Arkansas,Fulton,38917,56335
Arkansas,Garland,54229,56335
Arkansas,Grant,68598,56335
Arkansas,Greene,54879,56335
Arkansas,Hempstead,45049,56335
Arkansas,Hot Spring,50260,56335
Arkansas,Howard,44824,56335
Arkansas,Independence,52361,56335
Arkansas,Izard,46159,56335
Arkansas,Jackson,41929,56335
Arkansas,Jefferson,46855,56335
Arkansas,Johnson,42470,56335
Arkansas,Lafayette,40262,56335
Arkansas,Lawrence,43606,56335
Arkansas,Lee,33801,56335
Arkansas,Lincoln,50526,56335
Arkansas,Little River,58627,56335
Arkansas,Logan,51131,56335
Arkansas,Lonoke,68078,56335
Arkansas,Madison,51514,56335
Arkansas,Marion,42891,56335
Arkansas,Miller,47613,56335
Arkansas,Mississippi,50012,56335
Arkansas,Monroe,41786,56335
Arkansas,Montgomery,47103,56335
Arkansas,Nevada,43421,56335
Arkansas,Newton,50699,56335
Arkansas,Ouachita,47348,56335
Arkansas,Perry,53980,56335
Arkansas,Phillips,37458,56335
Arkansas,Pike,49248,56335
Arkansas,Poinsett,43440,56335
Arkansas,Polk,48449,56335
Arkansas,Pope,51678,56335
Arkansas,Prairie,47045,56335
Arkansas,Pulaski,58326,56335
Arkansas,Randolph,45993,56335
Arkansas,St. Francis,39822,56335
Arkansas,Saline,73236,56335
Arkansas,Scott,45340,56335
Arkansas,Searcy,42063,56335
Arkansas,Sebastian,54047,56335
Arkansas,Sevier,53567,56335
Arkansas,Sharp,43332,56335
Arkansas,Stone,37664,56335
Arkansas,Union,49745,56335
Arkansas,Van Buren,45768,56335
Arkansas,Washington,61985,56335
Arkansas,White,51144,56335
Arkansas,Woodruff,49608,56335
Arkansas,Yell,55879,56335
California,Alameda,122488,91905
California,Alpine,101125,91905
California,Amador,74853,91905
California,Butte,66085,91905
California,Calaveras,77526,91905
California,Colusa,69619,91905
California,Contra Costa,120020,91905
California,Del Norte,61149,91905
California,El Dorado,99246,91905
California,Fresno,67756,91905
California,Glenn,64033,91905
California,Humboldt,57881,91905
California,Imperial,53847,91905
California,Inyo,63417,91905
California,Kern,63883,91905
California,Kings,68540,91905
California,Lake,56259,91905
California,Lassen,59515,91905
California,Los Angeles,83411,91905
California,Madera,73543,91905
California,Marin,142019,91905
California,Mariposa,60021,91905
California,Mendocino,61335,91905
California,Merced,64772,91905
California,Modoc,54962,91905
California,Mono,82038,91905
California,Monterey,91043,91905
California,Napa,105809,91905
California,Nevada,79395,91905
California,Orange,109361,91905
California,Placer,109375,91905
California,Plumas,67885,91905
California,Riverside,84505,91905
California,Sacramento,84010,91905
California,San Benito,104451,91905
California,San Bernardino,77423,91905
California,San Diego,96974,91905
California,San Francisco,136689,91905
California,San Joaquin,82837,91905
California,San Luis Obispo,90158,91905
California,San Mateo,149907,91905
California,Santa Barbara,92332,91905
California,Santa Clara,153792,91905
California,Santa Cruz,104409,91905
California,Shasta,68347,91905
California,Sierra,61108,91905
California,Siskiyou,53898,91905
California,Solano,97037,91905
California,Sonoma,99266,91905
California,Stanislaus,74872,91905
California,Sutter,72654,91905
California,Tehama,59029,91905
California,Trinity,47317,91905
California,Tulare,64474,91905
California,Tuolumne,70432,91905
California,Ventura,102141,91905
California,Yolo,85097,91905
California,Yuba,66693,91905
Colorado,Adams,86297,87598
Colorado,Alamosa,52271,87598
Colorado,Arapahoe,92292,87598
Colorado,Archuleta,66813,87598
Colorado,Baca,42115,87598
Colorado,Bent,45776,87598
Colorado,Boulder,99770,87598
Colorado,Broomfield,117541,87598
Colorado,Chaffee,65703,87598
Colorado,Cheyenne,65577,87598
Colorado,Clear Creek,87169,87598
Colorado,Conejos,44093,87598
Colorado,Costilla,34578,87598
Colorado,Crowley,40685,87598
Colorado,Custer,66250,87598
Colorado,Delta,56349,87598
Colorado,Denver,85853,87598
Colorado,Dolores,64708,87598
Colorado,Douglas,139010,87598
Colorado,Eagle,98887,87598
Colorado,Elbert,124360,87598
Colorado,El Paso,82748,87598
Colorado,Fremont,56165,87598
Colorado,Garfield,82772,87598
Colorado,Gilpin,95902,87598
Colorado,Grand,79367,87598
Colorado,Gunnison,76538,87598
Colorado,Hinsdale,58712,87598
Colorado,Huerfano,49631,87598
Colorado,Jackson,38686,87598
Colorado,Jefferson,103167,87598
Colorado,Kiowa,45250,87598
Colorado,Kit Carson,58992,87598
Colorado,Lake,78942,87598
Colorado,La Plata,81936,87598
Colorado,Larimer,87199,87598
Colorado,Las Animas,48965,87598
Colorado,Lincoln,59167,87598
Colorado,Logan,54864,87598
Colorado,Mesa,68077,87598
Colorado,Mineral,58929,87598
Colorado,Moffat,63983,87598
Colorado,Montezuma,61377,87598
Colorado,Montrose,62817,87598
Colorado,Morgan,70471,87598
Colorado,Otero,47500,87598
Colorado,Ouray,78750,87598
Colorado,Park,85019,87598
Colorado,Phillips,58474,87598
Colorado,Pitkin,96123,87598
Colorado,Prowers,49422,87598
Colorado,Pueblo,59436,87598
Colorado,Rio Blanco,69882,87598
Colorado,Rio Grande,57591,87598
Colorado,Routt,95144,87598
Colorado,Saguache,51946,87598
Colorado,San Juan,67344,87598
Colorado,San Miguel,72829,87598
Colorado,Sedgwick,45855,87598
Colorado,Summit,100611,87598
Colorado,Teller,69655,87598
Colorado,Washington,59087,87598
Colorado,Weld,89182,87598
Colorado,Yuma,60118,87598
Connecticut,Capitol Planning Region,88190,90213
Connecticut,Greater Bridgeport Planning Region,83147,90213
Connecticut,Lower Connecticut River Valley Planning Region,99742,90213
Connecticut,Naugatuck Valley Planning Region,82939,90213
Connecticut,Northeastern Connecticut Planning Region,83119,90213
Connecticut,Northwest Hills Planning Region,87971,90213
Connecticut,South Central Connecticut Planning Region,83617,90213
Connecticut,Southeastern Connecticut Planning Region,80330,90213
Connecticut,Western Connecticut Planning Region,118930,90213
Delaware,Kent,69278,79325
Delaware,New Castle,85309,79325
Delaware,Sussex,75406,79325
District of Columbia,District of Columbia,101722,101722
Florida,Alachua,57566,67917
Florida,Baker,67872,67917
Florida,Bay,65999,67917
Florida,Bradford,54759,67917
Florida,Brevard,71308,67917
Florida,Broward,70331,67917
Florida,Calhoun,41526,67917
Florida,Charlotte,62164,67917
Florida,Citrus,52569,67917
Florida,Clay,82242,67917
Florida,Collier,82011,67917
Florida,Columbia,53501,67917
Florida,DeSoto,45000,67917
Florida,Dixie,45057,67917
Florida,Duval,65579,67917
Florida,Escambia,61642,67917
Florida,Flagler,69251,67917
Florida,Franklin,58107,67917
Florida,Gadsden,45721,67917
Florida,Gilchrist,56823,67917
Florida,Glades,37221,67917
Florida,Gulf,56250,67917
Florida,Hamilton,47668,67917
Florida,Hardee,44665,67917
Florida,Hendry,49259,67917
Florida,Hernando,59202,67917
Florida,Highlands,53679,67917
Florida,Hillsborough,70612,67917
Florida,Holmes,46063,67917
Florida,Indian River,67543,67917
Florida,Jackson,46144,67917
Florida,Jefferson,51573,67917
Florida,Lafayette,57852,67917
Florida,Lake,66239,67917
Florida,Lee,69368,67917
Florida,Leon,61317,67917
Florida,Levy,49933,67917
Florida,Liberty,51723,67917
Florida,Madison,43386,67917
Florida,Manatee,71385,67917
Florida,Marion,55265,67917
Florida,Martin,77894,67917
Florida,Miami-Dade,64215,67917
Florida,Monroe,80111,67917
Florida,Nassau,84085,67917
Florida,Okaloosa,73988,67917
Florida,Okeechobee,50476,67917
Florida,Orange,72629,67917
Florida,Osceola,64312,67917
Florida,Palm Beach,76066,67917
Florida,Pasco,63187,67917
Florida,Pinellas,66406,67917
Florida,Polk,60901,67917
Florida,Putnam,44852,67917
Florida,St. Johns,100020,67917
Florida,St. Lucie,66154,67917
Florida,Santa Rosa,84715,67917
Florida,Sarasota,77213,67917
Florida,Seminole,79490,67917
Florida,Sumter,70105,67917
Florida,Suwannee,49729,67917
Florida,Taylor,46239,67917
Florida,Union,64043,67917
Florida,Volusia,63075,67917
Florida,Wakulla,72035,67917
Florida,Walton,74832,67917
Florida,Washington,47536,67917
Georgia,Appling,43268,71355
Georgia,Atkinson,38007,71355
Georgia,Bacon,43938,71355
Georgia,Baker,45417,71355
Georgia,Baldwin,54699,71355
Georgia,Banks,69096,71355
Georgia,Barrow,75053,71355
Georgia,Bartow,74812,71355
Georgia,Ben Hill,38255,71355
Georgia,Berrien,48670,71355
Georgia,Bibb,48897,71355
Georgia,Bleckley,56021,71355
Georgia,Brantley,40166,71355
Georgia,Brooks,42263,71355
Georgia,Bryan,90627,71355
Georgia,Bulloch,53675,71355
Georgia,Burke,50321,71355
Georgia,Butts,60076,71355
Georgia,Calhoun,48663,71355
Georgia,Camden,68104,71355
Georgia,Candler,45519,71355
Georgia,Carroll,66895,71355
Georgia,Catoosa,68896,71355
Georgia,Charlton,45770,71355
Georgia,Chatham,66171,71355
Georgia,Chattahoochee,52943,71355
Georgia,Chattooga,43556,71355
Georgia,Cherokee,100824,71355
Georgia,Clarke,48692,71355
Georgia,Clay,43264,71355
Georgia,Clayton,56207,71355
Georgia,Clinch,53350,71355
Georgia,Cobb,94244,71355
Georgia,Coffee,48398,71355
Georgia,Colquitt,47235,71355
Georgia,Columbia,92571,71355
Georgia,Cook,46706,71355
Georgia,Coweta,90031,71355
Georgia,Crawford,56948,71355
Georgia,Crisp,47463,71355
Georgia,Dade,59531,71355
Georgia,Dawson,84516,71355
Georgia,Decatur,47383,71355
Georgia,DeKalb,76044,71355
Georgia,Dodge,46091,71355
Georgia,Dooly,54109,71355
Georgia,Dougherty,45640,71355
Georgia,Douglas,76930,71355
Georgia,Early,48355,71355
Georgia,Echols,61184,71355
Georgia,Effingham,79474,71355
Georgia,Elbert,48190,71355
Georgia,Emanuel,47905,71355
Georgia,Evans,55222,71355
Georgia,Fannin,54857,71355
Georgia,Fayette,105910,71355
Georgia,Floyd,57868,71355
Georgia,Forsyth,131660,71355
Georgia,Franklin,52597,71355
Georgia,Fulton,86267,71355
Georgia,Gilmer,70334,71355
Georgia,Glascock,60469,71355
Georgia,Glynn,65970,71355
Georgia,Gordon,57555,71355
Georgia,Grady,51929,71355
Georgia,Greene,77527,71355
Georgia,Gwinnett,82296,71355
Georgia,Habersham,61292,71355
Georgia,Hall,74153,71355
Georgia,Hancock,31767,71355
Georgia,Haralson,65940,71355
Georgia,Harris,85936,71355
Georgia,Hart,61765,71355
Georgia,Heard,62965,71355
Georgia,Henry,79663,71355
Georgia,Houston,76968,71355
Georgia,Irwin,46383,71355
Georgia,Jackson,82056,71355
Georgia,Jasper,57374,71355
Georgia,Jeff Davis,41780,71355
Georgia,Jefferson,46865,71355
Georgia,Jenkins,31463,71355
Georgia,Johnson,47796,71355
Georgia,Jones,66288,71355
Georgia,Lamar,64966,71355
Georgia,Lanier,39971,71355
Georgia,Laurens,46776,71355
Georgia,Lee,83632,71355
Georgia,Liberty,55149,71355
Georgia,Lincoln,50754,71355
Georgia,Long,56819,71355
Georgia,Lowndes,52821,71355
Georgia,Lumpkin,67592,71355
Georgia,McDuffie,54752,71355
Georgia,McIntosh,51262,71355
Georgia,Macon,33960,71355
Georgia,Madison,53626,71355
Georgia,Marion,48836,71355
Georgia,Meriwether,52392,71355
Georgia,Miller,52132,71355
Georgia,Mitchell,45966,71355
Georgia,Monroe,74867,71355
Georgia,Montgomery,49138,71355
Georgia,Morgan,81524,71355
Georgia,Murray,60617,71355
Georgia,Muscogee,54561,71355
Georgia,Newton,70732,71355
Georgia,Oconee,116221,71355
Georgia,Oglethorpe,66672,71355
Georgia,Paulding,89237,71355
Georgia,Peach,60940,71355
Georgia,Pickens,72558,71355
Georgia,Pierce,54861,71355
Georgia,Pike,83866,71355
Georgia,Polk,51956,71355
Georgia,Pulaski,42545,71355
Georgia,Putnam,60825,71355
Georgia,Quitman,38889,71355
Georgia,Rabun,57261,71355
Georgia,Randolph,24638,71355
Georgia,Richmond,50605,71355
Georgia,Rockdale,68999,71355
Georgia,Schley,53274,71355
Georgia,Screven,49941,71355
Georgia,Seminole,46063,71355
Georgia,Spalding,57367,71355
Georgia,Stephens,52901,71355
Georgia,Stewart,43094,71355
Georgia,Sumter,38899,71355
Georgia,Talbot,48065,71355
Georgia,Taliaferro,45881,71355
Georgia,Tattnall,51868,71355
Georgia,Taylor,40727,71355
Georgia,Telfair,41801,71355
Georgia,Terrell,43507,71355
Georgia,Thomas,55958,71355
Georgia,Tift,52561,71355
Georgia,Toombs,47310,71355
Georgia,Towns,55574,71355
Georgia,Treutlen,38641,71355
Georgia,Troup,53599,71355
Georgia,Turner,39666,71355
Georgia,Twiggs,50446,71355
Georgia,Union,59783,71355
Georgia,Upson,48740,71355
Georgia,Walker,52276,71355
Georgia,Walton,79425,71355
Georgia,Ware,44138,71355
Georgia,Warren,45091,71355
Georgia,Washington,43810,71355
Georgia,Wayne,49847,71355
Georgia,Webster,35000,71355
Georgia,Wheeler,36354,71355
Georgia,White,66256,71355
Georgia,Whitfield,59659,71355
Georgia,Wilcox,46759,71355
Georgia,Wilkes,51780,71355
Georgia,Wilkinson,40757,71355
Georgia,Worth,56496,71355
Hawaii,Hawaii,74238,94814
Hawaii,Honolulu,99816,94814
Hawaii,Kalawao,87813,94814
Hawaii,Kauai,88869,94814
Hawaii,Maui,95379,94814
Idaho,Ada,83881,70214
Idaho,Adams,55891,70214
Idaho,Bannock,60998,70214
Idaho,Bear Lake,63244,70214
Idaho,Benewah,54191,70214
Idaho,Bingham,69433,70214
Idaho,Blaine,81794,70214
Idaho,Boise,70776,70214
Idaho,Bonner,61816,70214
Idaho,Bonneville,73103,70214
Idaho,Boundary,58810,70214
Idaho,Butte,37358,70214
Idaho,Camas,63750,70214
Idaho,Canyon,68473,70214
Idaho,Caribou,65380,70214
Idaho,Cassia,63525,70214
Idaho,Clark,53500,70214
Idaho,Clearwater,55885,70214
Idaho,Custer,60357,70214
Idaho,Elmore,55000,70214
Idaho,Franklin,61679,70214
Idaho,Fremont,67015,70214
Idaho,Gem,65204,70214
Idaho,Gooding,60938,70214
Idaho,Idaho,54745,70214
Idaho,Jefferson,77491,70214
Idaho,Jerome,67347,70214
Idaho,Kootenai,71949,70214
Idaho,Latah,62258,70214
Idaho,Lemhi,49216,70214
Idaho,Lewis,46484,70214
Idaho,Lincoln,62250,70214
Idaho,Madison,53025,70214
Idaho,Minidoka,63594,70214
Idaho,Nez Perce,65023,70214
Idaho,Oneida,67383,70214
Idaho,Owyhee,58440,70214
Idaho,Payette,62721,70214
Idaho,Power,56671,70214
Idaho,Shoshone,44807,70214
Idaho,Teton,88906,70214
Idaho,Twin Falls,61183,70214
Idaho,Valley,72878,70214
Idaho,Washington,50046,70214
Illinois,Adams,63767,78433
Illinois,Alexander,40365,78433
Illinois,Bond,58617,78433
Illinois,Boone,80502,78433
Illinois,Brown,64760,78433
Illinois,Bureau,64165,78433
Illinois,Calhoun,88059,78433
Illinois,Carroll,61539,78433
Illinois,Cass,64826,78433
Illinois,Champaign,61090,78433
Illinois,Christian,56933,78433
Illinois,Clark,65874,78433
Illinois,Clay,58028,78433
Illinois,Clinton,78054,78433
Illinois,Coles,53732,78433
Illinois,Cook,78304,78433
Illinois,Crawford,64163,78433
Illinois,Cumberland,71274,78433
Illinois,DeKalb,68617,78433
Illinois,De Witt,61823,78433
Illinois,Douglas,67177,78433
Illinois,DuPage,107035,78433
Illinois,Edgar,56687,78433
Illinois,Edwards,60784,78433
Illinois,Effingham,73181,78433
Illinois,Fayette,51962,78433
Illinois,Ford,58930,78433
Illinois,Franklin,51031,78433
Illinois,Fulton,57223,78433
Illinois,Gallatin,51868,78433
Illinois,Greene,58900,78433
Illinois,Grundy,89993,78433
Illinois,Hamilton,60574,78433
Illinois,Hancock,61026,78433
Illinois,Hardin,53026,78433
Illinois,Henderson,64946,78433
Illinois,Henry,66313,78433
Illinois,Iroquois,62866,78433
Illinois,Jackson,44847,78433
Illinois,Jasper,67429,78433
Illinois,Jefferson,58384,78433
Illinois,Jersey,77607,78433
Illinois,Jo Daviess,67729,78433
Illinois,Johnson,63295,78433
Illinois,Kane,96400,78433
Illinois,Kankakee,65489,78433
Illinois,Kendall,106358,78433
Illinois,Knox,50263,78433
Illinois,Lake,104553,78433
Illinois,LaSalle,67942,78433
Illinois,Lawrence,55811,78433
Illinois,Lee,64588,78433
Illinois,Livingston,68175,78433
Illinois,Logan,62547,78433
Illinois,McDonough,48904,78433
Illinois,McHenry,100101,78433
Illinois,McLean,75356,78433
Illinois,Macon,59622,78433
Illinois,Macoupin,64706,78433
Illinois,Madison,71759,78433
Illinois,Marion,59099,78433
Illinois,Marshall,64940,78433
Illinois,Mason,58479,78433
Illinois,Massac,57365,78433
Illinois,Menard,84846,78433
Illinois,Mercer,67028,78433
Illinois,Monroe,100685,78433
Illinois,Montgomery,61796,78433
Illinois,Morgan,61188,78433
Illinois,Moultrie,72833,78433
Illinois,Ogle,75782,78433
Illinois,Peoria,63409,78433
Illinois,Perry,56338,78433
Illinois,Piatt,81151,78433
Illinois,Pike,55514,78433
Illinois,Pope,57582,78433
Illinois,Pulaski,41038,78433
Illinois,Putnam,75726,78433
Illinois,Randolph,63860,78433
Illinois,Richland,61607,78433
Illinois,Rock Island,64435,78433
Illinois,St. Clair,68915,78433
Illinois,Saline,51710,78433
Illinois,Sangamon,71653,78433
Illinois,Schuyler,63737,78433
Illinois,Scott,70500,78433
Illinois,Shelby,65585,78433
Illinois,Stark,58125,78433
Illinois,Stephenson,57527,78433
Illinois,Tazewell,74606,78433
Illinois,Union,54090,78433
Illinois,Vermilion,52787,78433
Illinois,Wabash,54074,78433
Illinois,Warren,62700,78433
Illinois,Washington,75111,78433
Illinois,Wayne,53522,78433
Illinois,White,54605,78433
Illinois,Whiteside,62828,78433
Illinois,Will,103678,78433
Illinois,Williamson,60325,78433
Illinois,Winnebago,61738,78433
Illinois,Woodford,80093,78433
Indiana,Adams,61731,67173
Indiana,Allen,66222,67173
Indiana,Bartholomew,76912,67173
Indiana,Benton,58620,67173
Indiana,Blackford,51108,67173
Indiana,Boone,103038,67173
Indiana,Brown,73933,67173
Indiana,Carroll,61464,67173
Indiana,Cass,55862,67173
Indiana,Clark,69005,67173
Indiana,Clay,68364,67173
Indiana,Clinton,59515,67173
Indiana,Crawford,46706,67173
Indiana,Daviess,64113,67173
Indiana,Dearborn,80352,67173
Indiana,Decatur,71566,67173
Indiana,DeKalb,68110,67173
Indiana,Delaware,53377,67173
Indiana,Dubois,68945,67173
Indiana,Elkhart,63978,67173
Indiana,Fayette,52219,67173
Indiana,Floyd,75686,67173
Indiana,Fountain,60559,67173
Indiana,Franklin,75985,67173
Indiana,Fulton,62644,67173
Indiana,Gibson,64153,67173
Indiana,Grant,53033,67173
Indiana,Greene,57771,67173
Indiana,Hamilton,114866,67173
Indiana,Hancock,85262,67173
Indiana,Harrison,71302,67173
Indiana,Hendricks,95261,67173
Indiana,Henry,57632,67173
Indiana,Howard,62014,67173
Indiana,Huntington,59894,67173
Indiana,Jackson,65609,67173
Indiana,Jasper,77777,67173
Indiana,Jay,52231,67173
Indiana,Jefferson,57801,67173
Indiana,Jennings,66892,67173
Indiana,Johnson,82730,67173
Indiana,Knox,58173,67173
Indiana,Kosciusko,70945,67173
Indiana,LaGrange,81658,67173
Indiana,Lake,66375,67173
Indiana,LaPorte,66854,67173
Indiana,Lawrence,64210,67173
Indiana,Madison,60060,67173
Indiana,Marion,59504,67173
Indiana,Marshall,66016,67173
Indiana,Martin,65489,67173
Indiana,Miami,59551,67173
Indiana,Monroe,60308,67173
Indiana,Montgomery,62937,67173
Indiana,Morgan,79134,67173
Indiana,Newton,63673,67173
Indiana,Noble,70286,67173
Indiana,Ohio,66333,67173
Indiana,Orange,60775,67173
Indiana,Owen,57947,67173
Indiana,Parke,63393,67173
Indiana,Perry,58936,67173
Indiana,Pike,64182,67173
Indiana,Porter,82915,67173
Indiana,Posey,75594,67173
Indiana,Pulaski,56823,67173
Indiana,Putnam,70609,67173
Indiana,Randolph,59674,67173
Indiana,Ripley,70285,67173
Indiana,Rush,62386,67173
Indiana,St. Joseph,61877,67173
Indiana,Scott,49343,67173
Indiana,Shelby,66449,67173
Indiana,Spencer,66168,67173
Indiana,Starke,59916,67173
Indiana,Steuben,68837,67173
Indiana,Sullivan,54556,67173
Indiana,Switzerland,66525,67173
Indiana,Tippecanoe,55728,67173
Indiana,Tipton,71947,67173
Indiana,Union,68514,67173
Indiana,Vanderburgh,58839,67173
Indiana,Vermillion,59567,67173
Indiana,Vigo,52789,67173
Indiana,Wabash,66194,67173
Indiana,Warren,72833,67173
Indiana,Warrick,91105,67173
Indiana,Washington,60695,67173
Indiana,Wayne,54854,67173
Indiana,Wells,68074,67173
Indiana,White,65345,67173
Indiana,Whitley,73636,67173
Iowa,Adair,63172,70571
Iowa,Adams,64750,70571
Iowa,Allamakee,64049,70571
Iowa,Appanoose,50684,70571
Iowa,Audubon,54973,70571
Iowa,Benton,79444,70571
Iowa,Black Hawk,62329,70571
Iowa,Boone,75759,70571
Iowa,Bremer,84727,70571
Iowa,Buchanan,73493,70571
Iowa,Buena Vista,62662,70571
Iowa,Butler,65743,70571
Iowa,Calhoun,65614,70571
Iowa,Carroll,68041,70571
Iowa,Cass,60815,70571
Iowa,Cedar,76959,70571
Iowa,Cerro Gordo,63149,70571
Iowa,Cherokee,63638,70571
Iowa,Chickasaw,72734,70571
Iowa,Clarke,63120,70571
Iowa,Clay,61756,70571
Iowa,Clayton,60441,70571
Iowa,Clinton,61080,70571
Iowa,Crawford,61188,70571
Iowa,Dallas,99533,70571
Iowa,Davis,77176,70571
Iowa,Decatur,56068,70571
Iowa,Delaware,75896,70571
Iowa,Des Moines,58084,70571
Iowa,Dickinson,72446,70571
Iowa,Dubuque,73495,70571
Iowa,Emmet,64461,70571
Iowa,Fayette,56043,70571
Iowa,Floyd,62356,70571
Iowa,Franklin,62214,70571
Iowa,Fremont,69375,70571
Iowa,Greene,56884,70571
Iowa,Grundy,80701,70571
Iowa,Guthrie,75795,70571
Iowa,Hamilton,66685,70571
Iowa,Hancock,67865,70571
Iowa,Hardin,64656,70571
Iowa,Harrison,75830,70571
Iowa,Henry,62365,70571
Iowa,Howard,63947,70571
Iowa,Humboldt,66617,70571
Iowa,Ida,63125,70571
Iowa,Iowa,69787,70571
Iowa,Jackson,69709,70571
Iowa,Jasper,67784,70571
Iowa,Jefferson,52210,70571
Iowa,Johnson,72977,70571
Iowa,Jones,68781,70571
Iowa,Keokuk,60016,70571
Iowa,Kossuth,62553,70571
Iowa,Lee,58094,70571
Iowa,Linn,75457,70571
Iowa,Louisa,72500,70571
Iowa,Lucas,63405,70571
Iowa,Lyon,73735,70571
Iowa,Madison,88110,70571
Iowa,Mahaska,65200,70571
Iowa,Marion,74193,70571
Iowa,Marshall,70828,70571
Iowa,Mills,81907,70571
Iowa,Mitchell,66056,70571
Iowa,Monona,59897,70571
Iowa,Monroe,76324,70571
Iowa,Montgomery,61261,70571
Iowa,Muscatine,67427,70571
Iowa,O'Brien,65076,70571
Iowa,Osceola,67561,70571
Iowa,Page,58264,70571
Iowa,Palo Alto,67306,70571
Iowa,Plymouth,79963,70571
Iowa,Pocahontas,61434,70571
Iowa,Polk,78827,70571
Iowa,Pottawattamie,68718,70571
Iowa,Poweshiek,61192,70571
Iowa,Ringgold,67898,70571
Iowa,Sac,68778,70571
Iowa,Scott,72792,70571
Iowa,Shelby,70295,70571
Iowa,Sioux,81914,70571
Iowa,Story,66197,70571
Iowa,Tama,65483,70571
Iowa,Taylor,65926,70571
Iowa,Union,56495,70571
Iowa,Van Buren,58417,70571
Iowa,Wapello,56209,70571
Iowa,Warren,89741,70571
Iowa,Washington,71122,70571
Iowa,Wayne,58257,70571
Iowa,Webster,65335,70571
Iowa,Winnebago,62853,70571
Iowa,Winneshiek,67770,70571
Iowa,Woodbury,68399,70571
Iowa,Worth,69897,70571
Iowa,Wright,58240,70571
Kansas,Allen,55059,69747
Kansas,Anderson,67651,69747
Kansas,Atchison,55281,69747
Kansas,Barber,53774,69747
Kansas,Barton,54634,69747
Kansas,Bourbon,55826,69747
Kansas,Brown,55876,69747
Kansas,Butler,77724,69747
Kansas,Chase,52481,69747
Kansas,Chautauqua,51210,69747
Kansas,Cherokee,53382,69747
Kansas,Cheyenne,52730,69747
Kansas,Clark,58287,69747
Kansas,Clay,57765,69747
Kansas,Cloud,51197,69747
Kansas,Coffey,67645,69747
Kansas,Comanche,49754,69747
Kansas,Cowley,55726,69747
Kansas,Crawford,49779,69747
Kansas,Decatur,49412,69747
Kansas,Dickinson,62971,69747
Kansas,Doniphan,66358,69747
Kansas,Douglas,66153,69747
Kansas,Edwards,52750,69747
Kansas,Elk,50000,69747
Kansas,Ellis,59665,69747
Kansas,Ellsworth,59844,69747
Kansas,Finney,68481,69747
Kansas,Ford,67997,69747
Kansas,Franklin,68217,69747
Kansas,Geary,57992,69747
Kansas,Gove,59417,69747
Kansas,Graham,47071,69747
Kansas,Grant,84808,69747
Kansas,Gray,74500,69747
Kansas,Greeley,69948,69747
Kansas,Greenwood,51812,69747
Kansas,Hamilton,58750,69747
Kansas,Harper,53032,69747
Kansas,Harvey,70685,69747
Kansas,Haskell,66458,69747
Kansas,Hodgeman,63125,69747
Kansas,Jackson,70385,69747
Kansas,Jefferson,74562,69747
Kansas,Jewell,47109,69747
Kansas,Johnson,103644,69747
Kansas,Kearny,68750,69747
Kansas,Kingman,59640,69747
Kansas,Kiowa,70347,69747
Kansas,Labette,56143,69747
Kansas,Lane,52222,69747
Kansas,Leavenworth,84307,69747
Kansas,Lincoln,52540,69747
Kansas,Linn,56697,69747
Kansas,Logan,70382,69747
Kansas,Lyon,56415,69747
Kansas,McPherson,71250,69747
Kansas,Marion,60011,69747
Kansas,Marshall,64306,69747
Kansas,Meade,74063,69747
Kansas,Miami,85564,69747
Kansas,Mitchell,63008,69747
Kansas,Montgomery,51513,69747
Kansas,Morris,52866,69747
Kansas,Morton,57943,69747
Kansas,Nemaha,72788,69747
Kansas,Neosho,54894,69747
Kansas,Ness,64907,69747
Kansas,Norton,52710,69747
Kansas,Osage,66155,69747
Kansas,Osborne,58750,69747
Kansas,Ottawa,74551,69747
Kansas,Pawnee,54141,69747
Kansas,Phillips,57611,69747
Kansas,Pottawatomie,85241,69747
Kansas,Pratt,61685,69747
Kansas,Rawlins,61827,69747
Kansas,Reno,57390,69747
Kansas,Republic,54531,69747
Kansas,Rice,58523,69747
Kansas,Riley,56327,69747
Kansas,Rooks,60821,69747
Kansas,Rush,53523,69747
Kansas,Russell,49929,69747
Kansas,Saline,59887,69747
Kansas,Scott,53365,69747
Kansas,Sedgwick,65372,69747
Kansas,Seward,57131,69747
Kansas,Shawnee,63463,69747
Kansas,Sheridan,66719,69747
Kansas,Sherman,61404,69747
Kansas,Smith,50943,69747
Kansas,Stafford,60000,69747
Kansas,Stanton,66000,69747
Kansas,Stevens,67950,69747
Kansas,Sumner,59397,69747
Kansas,Thomas,72417,69747
Kansas,Trego,77500,69747
Kansas,Wabaunsee,70000,69747
Kansas,Wallace,57708,69747
Kansas,Washington,59432,69747
Kansas,Wichita,69551,69747
Kansas,Wilson,55439,69747
Kansas,Woodson,50670,69747
Kansas,Wyandotte,57771,69747
Kentucky,Adair,49690,60183
Kentucky,Allen,57159,60183
Kentucky,Anderson,69885,60183
Kentucky,Ballard,57111,60183
Kentucky,Barren,48141,60183
Kentucky,Bath,51471,60183
Kentucky,Bell,33658,60183
Kentucky,Boone,91697,60183
Kentucky,Bourbon,54580,60183
Kentucky,Boyd,58327,60183
Kentucky,Boyle,56568,60183
Kentucky,Bracken,59911,60183
Kentucky,Breathitt,38209,60183
Kentucky,Breckinridge,51756,60183
Kentucky,Bullitt,73900,60183
Kentucky,Butler,47589,60183
Kentucky,Caldwell,52488,60183
Kentucky,Calloway,48276,60183
Kentucky,Campbell,71979,60183
Kentucky,Carlisle,53065,60183
Kentucky,Carroll,50625,60183
Kentucky,Carter,47004,60183
Kentucky,Casey,42190,60183
Kentucky,Christian,48920,60183
Kentucky,Clark,61878,60183
Kentucky,Clay,37888,60183
Kentucky,Clinton,41180,60183
Kentucky,Crittenden,45810,60183
Kentucky,Cumberland,40515,60183
Kentucky,Daviess,64021,60183
Kentucky,Edmonson,53029,60183
Kentucky,Elliott,39469,60183
Kentucky,Estill,39980,60183
Kentucky,Fayette,66087,60183
Kentucky,Fleming,46885,60183
Kentucky,Floyd,38723,60183
Kentucky,Franklin,62929,60183
Kentucky,Fulton,35449,60183
Kentucky,Gallatin,58641,60183
Kentucky,Garrard,58263,60183
Kentucky,Grant,65461,60183
Kentucky,Graves,52526,60183
Kentucky,Grayson,47024,60183
Kentucky,Green,38595,60183
Kentucky,Greenup,58562,60183
Kentucky,Hancock,68102,60183
Kentucky,Hardin,64136,60183
Kentucky,Harlan,35128,60183
Kentucky,Harrison,58840,60183
Kentucky,Hart,45561,60183
Kentucky,Henderson,56912,60183
Kentucky,Henry,58294,60183
Kentucky,Hickman,68589,60183
Kentucky,Hopkins,54466,60183
Kentucky,Jackson,38516,60183
Kentucky,Jefferson,66296,60183
Kentucky,Jessamine,69905,60183
Kentucky,Johnson,44231,60183
Kentucky,Kenton,76016,60183
Kentucky,Knott,38336,60183
Kentucky,Knox,34254,60183
Kentucky,Larue,57867,60183
Kentucky,Laurel,53693,60183
Kentucky,Lawrence,42488,60183
Kentucky,Lee,31682,60183
Kentucky,Leslie,37019,60183
Kentucky,Letcher,38466,60183
Kentucky,Lewis,36662,60183
Kentucky,Lincoln,49487,60183
Kentucky,Livingston,56125,60183
Kentucky,Logan,58869,60183
Kentucky,Lyon,64081,60183
Kentucky,McCracken,58490,60183
Kentucky,McCreary,35000,60183
Kentucky,McLean,64020,60183
Kentucky,Madison,59797,60183
Kentucky,Magoffin,31927,60183
Kentucky,Marion,49627,60183
Kentucky,Marshall,64597,60183
Kentucky,Martin,45265,60183
Kentucky,Mason,48460,60183
Kentucky,Meade,68518,60183
Kentucky,Menifee,43797,60183
Kentucky,Mercer,60728,60183
Kentucky,Metcalfe,46932,60183
Kentucky,Monroe,47252,60183
Kentucky,Montgomery,53436,60183
Kentucky,Morgan,46018,60183
Kentucky,Muhlenberg,50935,60183
Kentucky,Nelson,66212,60183
Kentucky,Nicholas,57539,60183
Kentucky,Ohio,52474,60183
Kentucky,Oldham,117334,60183
Kentucky,Owen,56485,60183
Kentucky,Owsley,32844,60183
Kentucky,Pendleton,58723,60183
Kentucky,Perry,45330,60183
Kentucky,Pike,41271,60183
Kentucky,Powell,38415,60183
Kentucky,Pulaski,48768,60183
Kentucky,Robertson,53798,60183
Kentucky,Rockcastle,45693,60183
Kentucky,Rowan,50038,60183
Kentucky,Russell,48220,60183
Kentucky,Scott,80782,60183
Kentucky,Shelby,81012,60183
Kentucky,Simpson,55907,60183
Kentucky,Spencer,101118,60183
Kentucky,Taylor,63211,60183
Kentucky,Todd,57891,60183
Kentucky,Trigg,55864,60183
Kentucky,Trimble,66492,60183
Kentucky,Union,58260,60183
Kentucky,Warren,63074,60183
Kentucky,Washington,65456,60183
Kentucky,Wayne,41583,60183
Kentucky,Webster,55451,60183
Kentucky,Whitley,44332,60183
Kentucky,Wolfe,28666,60183
Kentucky,Woodford,78295,60183
Louisiana,Acadia Parish,44977,57852
Louisiana,Allen Parish,52755,57852
Louisiana,Ascension Parish,93800,57852
Louisiana,Assumption Parish,47023,57852
Louisiana,Avoyelles Parish,38696,57852
Louisiana,Beauregard Parish,68525,57852
Louisiana,Bienville Parish,34268,57852
Louisiana,Bossier Parish,64598,57852
Louisiana,Caddo Parish,47572,57852
Louisiana,Calcasieu Parish,64370,57852
Louisiana,Caldwell Parish,45707,57852
Louisiana,Cameron Parish,69847,57852
Louisiana,Catahoula Parish,48259,57852
Louisiana,Claiborne Parish,32034,57852
Louisiana,Concordia Parish,38929,57852
Louisiana,De Soto Parish,49807,57852
Louisiana,East Baton Rouge Parish,62083,57852
Louisiana,East Carroll Parish,30856,57852
Louisiana,East Feliciana Parish,64709,57852
Louisiana,Evangeline Parish,34526,57852
Louisiana,Franklin Parish,41129,57852
Louisiana,Grant Parish,57362,57852
Louisiana,Iberia Parish,55190,57852
Louisiana,Iberville Parish,59410,57852
Louisiana,Jackson Parish,40406,57852
Louisiana,Jefferson Parish,63257,57852
Louisiana,Jefferson Davis Parish,52470,57852
Louisiana,Lafayette Parish,66617,57852
Louisiana,Lafourche Parish,61381,57852
Louisiana,LaSalle Parish,59926,57852
Louisiana,Lincoln Parish,37001,57852
Louisiana,Livingston Parish,77978,57852
Louisiana,Madison Parish,34508,57852
Louisiana,Morehouse Parish,37875,57852
Louisiana,Natchitoches Parish,41310,57852
Louisiana,Orleans Parish,51116,57852
Louisiana,Ouachita Parish,49261,57852
Louisiana,Plaquemines Parish,77996,57852
Louisiana,Pointe Coupee Parish,53045,57852
Louisiana,Rapides Parish,55407,57852
Louisiana,Red River Parish,43821,57852
Louisiana,Richland Parish,48125,57852
Louisiana,Sabine Parish,40777,57852
Louisiana,St. Bernard Parish,55857,57852
Louisiana,St. Charles Parish,79191,57852
Louisiana,St. Helena Parish,46402,57852
Louisiana,St. James Parish,62946,57852
Louisiana,St. John the Baptist Parish,65114,57852
Louisiana,St. Landry Parish,44478,57852
Louisiana,St. Martin Parish,50806,57852
Louisiana,St. Mary Parish,47322,57852
Louisiana,St. Tammany Parish,76914,57852
Louisiana,Tangipahoa Parish,55274,57852
Louisiana,Tensas Parish,35653,57852
Louisiana,Terrebonne Parish,63088,57852
Louisiana,Union Parish,47068,57852
Louisiana,Vermilion Parish,56194,57852
Louisiana,Vernon Parish,56547,57852
Louisiana,Washington Parish,41803,57852
Louisiana,Webster Parish,34263,57852
Louisiana,West Baton Rouge Parish,80510,57852
Louisiana,West Carroll Parish,45035,57852
Louisiana,West Feliciana Parish,71985,57852
Louisiana,Winn Parish,44922,57852
Maine,Androscoggin,64500,68251
Maine,Aroostook,50843,68251
Maine,Cumberland,87710,68251
Maine,Franklin,56890,68251
Maine,Hancock,64149,68251
Maine,Kennebec,62118,68251
Maine,Knox,68904,68251
Maine,Lincoln,69638,68251
Maine,Oxford,54780,68251
Maine,Penobscot,59438,68251
Maine,Piscataquis,51805,68251
Maine,Sagadahoc,77591,68251
Maine,Somerset,53527,68251
Maine,Waldo,62694,68251
Maine,Washington,51669,68251
Maine,York,79743,68251
Maryland,Allegany,55248,98461
Maryland,Anne Arundel,116009,98461
Maryland,Baltimore,88157,98461
Maryland,Calvert,128078,98461
Maryland,Caroline,65326,98461
Maryland,Carroll,111672,98461
Maryland,Cecil,86869,98461
Maryland,Charles,116882,98461
Maryland,Dorchester,57490,98461
Maryland,Frederick,115724,98461
Maryland,Garrett,64447,98461
Maryland,Harford,106417,98461
Maryland,Howard,140971,98461
Maryland,Kent,71635,98461
Maryland,Montgomery,125583,98461
Maryland,Prince George's,97935,98461
Maryland,Queen Anne's,108332,98461
Maryland,St. Mary's,113668,98461
Maryland,Somerset,52149,98461
Maryland,Talbot,81667,98461
Maryland,Washington,73017,98461
Maryland,Wicomico,69421,98461
Maryland,Worcester,76689,98461
Maryland,Baltimore city,58349,98461
Massachusetts,Barnstable,90447,96505
Massachusetts,Berkshire,69744,96505
Massachusetts,Bristol,80628,96505
Massachusetts,Dukes,93225,96505
Massachusetts,Essex,94378,96505
Massachusetts,Franklin,70383,96505
Massachusetts,Hampden,66619,96505
Massachusetts,Hampshire,84025,96505
Massachusetts,Middlesex,121304,96505
Massachusetts,Nantucket,135590,96505
Massachusetts,Norfolk,120621,96505
Massachusetts,Plymouth,105387,96505
Massachusetts,Suffolk,87669,96505
Massachusetts,Worcester,88524,96505
Michigan,Alcona,50295,68505
Michigan,Alger,55528,68505
Michigan,Allegan,75543,68505
Michigan,Alpena,49133,68505
Michigan,Antrim,68850,68505
Michigan,Arenac,53487,68505
Michigan,Baraga,51911,68505
Michigan,Barry,75182,68505
Michigan,Bay,57887,68505
Michigan,Benzie,71327,68505
Michigan,Berrien,60379,68505
Michigan,Branch,60600,68505
Michigan,Calhoun,58191,68505
Michigan,Cass,65183,68505
Michigan,Charlevoix,69764,68505
Michigan,Cheboygan,59557,68505
Michigan,Chippewa,58408,68505
Michigan,Clare,47816,68505
Michigan,Clinton,82594,68505
Michigan,Crawford,57998,68505
Michigan,Delta,53852,68505
Michigan,Dickinson,59651,68505
Michigan,Eaton,77158,68505
Michigan,Emmet,69690,68505
Michigan,Genesee,58594,68505
Michigan,Gladwin,53717,68505
Michigan,Gogebic,47913,68505
Michigan,Grand Traverse,75553,68505
Michigan,Gratiot,57934,68505
Michigan,Hillsdale,59425,68505
Michigan,Houghton,52736,68505
Michigan,Huron,54475,68505
Michigan,Ingham,62548,68505
Michigan,Ionia,71720,68505
Michigan,Iosco,46224,68505
Michigan,Iron,52241,68505
Michigan,Isabella,52638,68505
Michigan,Jackson,62581,68505
Michigan,Kalamazoo,67905,68505
Michigan,Kalkaska,56380,68505
Michigan,Kent,76247,68505
Michigan,Keweenaw,55560,68505
Michigan,Lake,45946,68505
Michigan,Lapeer,75402,68505
Michigan,Leelanau,82345,68505
Michigan,Lenawee,65484,68505
Michigan,Livingston,96135,68505
Michigan,Luce,51015,68505
Michigan,Mackinac,60620,68505
Michigan,Macomb,73876,68505
Michigan,Manistee,59467,68505
Michigan,Marquette,63115,68505
Michigan,Mason,60744,68505
Michigan,Mecosta,54132,68505
Michigan,Menominee,54074,68505
Michigan,Midland,73643,68505
Michigan,Missaukee,57667,68505
Michigan,Monroe,72573,68505
Michigan,Montcalm,61250,68505
Michigan,Montmorency,46345,68505
Michigan,Muskegon,61347,68505
Michigan,Newaygo,59065,68505
Michigan,Oakland,92620,68505
Michigan,Oceana,60691,68505
Michigan,Ogemaw,50377,68505
Michigan,Ontonagon,48316,68505
Michigan,Osceola,54875,68505
Michigan,Oscoda,48692,68505
Michigan,Otsego,62865,68505
Michigan,Ottawa,83932,68505
Michigan,Presque Isle,55986,68505
Michigan,Roscommon,49898,68505
Michigan,Saginaw,56579,68505
Michigan,St. Clair,66887,68505
Michigan,St. Joseph,62281,68505
Michigan,Sanilac,55740,68505
Michigan,Schoolcraft,55071,68505
Michigan,Shiawassee,62498,68505
Michigan,Tuscola,59815,68505
Michigan,Van Buren,65531,68505
Michigan,Washtenaw,84245,68505
Michigan,Wayne,57223,68505
Michigan,Wexford,58652,68505
Minnesota,Aitkin,56406,84313
Minnesota,Anoka,95782,84313
Minnesota,Becker,68683,84313
Minnesota,Beltrami,62173,84313
Minnesota,Benton,70346,84313
Minnesota,Big Stone,63024,84313
Minnesota,Blue Earth,70906,84313
Minnesota,Brown,67038,84313
Minnesota,Carlton,74660,84313
Minnesota,Carver,116308,84313
Minnesota,Cass,61970,84313
Minnesota,Chippewa,62112,84313
Minnesota,Chisago,97446,84313
Minnesota,Clay,75006,84313
Minnesota,Clearwater,62723,84313
Minnesota,Cook,71937,84313
Minnesota,Cottonwood,63586,84313
Minnesota,Crow Wing,65975,84313
Minnesota,Dakota,101360,84313
Minnesota,Dodge,92890,84313
Minnesota,Douglas,72472,84313
Minnesota,Faribault,64000,84313
Minnesota,Fillmore,73234,84313
Minnesota,Freeborn,65679,84313
Minnesota,Goodhue,78338,84313
Minnesota,Grant,67600,84313
Minnesota,Hennepin,92595,84313
Minnesota,Houston,71580,84313
Minnesota,Hubbard,67197,84313
Minnesota,Isanti,84063,84313
Minnesota,Itasca,63962,84313
Minnesota,Jackson,68368,84313
Minnesota,Kanabec,68995,84313
Minnesota,Kandiyohi,73285,84313
Minnesota,Kittson,66000,84313
Minnesota,Koochiching,59779,84313
Minnesota,Lac qui Parle,66967,84313
Minnesota,Lake,73860,84313
Minnesota,Lake of the Woods,61667,84313
Minnesota,Le Sueur,87180,84313
Minnesota,Lincoln,64750,84313
Minnesota,Lyon,68919,84313
Minnesota,McLeod,73296,84313
Minnesota,Mahnomen,52739,84313
Minnesota,Marshall,69396,84313
Minnesota,Martin,61674,84313
Minnesota,Meeker,75926,84313
Minnesota,Mille Lacs,68088,84313
Minnesota,Morrison,66264,84313
Minnesota,Mower,66972,84313
Minnesota,Murray,71500,84313
Minnesota,Nicollet,79113,84313
Minnesota,Nobles,62973,84313
Minnesota,Norman,65278,84313
Minnesota,Olmsted,90420,84313
Minnesota,Otter Tail,67990,84313
Minnesota,Pennington,71504,84313
Minnesota,Pine,65059,84313
Minnesota,Pipestone,68341,84313
Minnesota,Polk,69540,84313
Minnesota,Pope,71212,84313
Minnesota,Ramsey,78108,84313
Minnesota,Red Lake,73889,84313
Minnesota,Redwood,65617,84313
Minnesota,Renville,66313,84313
Minnesota,Rice,78214,84313
Minnesota,Rock,75060,84313
Minnesota,Roseau,70122,84313
Minnesota,St. Louis,66491,84313
Minnesota,Scott,118268,84313
Minnesota,Sherburne,99431,84313
Minnesota,Sibley,74781,84313
Minnesota,Stearns,73105,84313
Minnesota,Steele,79722,84313
Minnesota,Stevens,69737,84313
Minnesota,Swift,58362,84313
Minnesota,Todd,63216,84313
Minnesota,Traverse,63456,84313
Minnesota,Wabasha,75063,84313
Minnesota,Wadena,54747,84313
Minnesota,Waseca,71856,84313
Minnesota,Washington,110828,84313
Minnesota,Watonwan,65197,84313
Minnesota,Wilkin,67114,84313
Minnesota,Winona,66162,84313
Minnesota,Wright,102980,84313
Minnesota,Yellow Medicine,70605,84313
Mississippi,Adams,37271,52985
Mississippi,Alcorn,47716,52985
Mississippi,Amite,34866,52985
Mississippi,Attala,42680,52985
Mississippi,Benton,38750,52985
Mississippi,Bolivar,37845,52985
Mississippi,Calhoun,44505,52985
Mississippi,Carroll,42285,52985
Mississippi,Chickasaw,40224,52985
Mississippi,Choctaw,41887,52985
Mississippi,Claiborne,34282,52985
Mississippi,Clarke,46329,52985
Mississippi,Clay,37412,52985
Mississippi,Coahoma,36075,52985
Mississippi,Copiah,46889,52985
Mississippi,Covington,40164,52985
Mississippi,DeSoto,79666,52985
Mississippi,Forrest,49340,52985
Mississippi,Franklin,43942,52985
Mississippi,George,51349,52985
Mississippi,Greene,50000,52985
Mississippi,Grenada,45745,52985
Mississippi,Hancock,63623,52985
Mississippi,Harrison,55211,52985
Mississippi,Hinds,48596,52985
Mississippi,Holmes,28818,52985
Mississippi,Humphreys,31907,52985
Mississippi,Issaquena,17900,52985
Mississippi,Itawamba,57252,52985
Mississippi,Jackson,60045,52985
Mississippi,Jasper,43914,52985
Mississippi,Jefferson,31544,52985
Mississippi,Jefferson Davis,36473,52985
Mississippi,Jones,49451,52985
Mississippi,Kemper,42947,52985
Mississippi,Lafayette,59748,52985
Mississippi,Lamar,67972,52985
Mississippi,Lauderdale,45649,52985
Mississippi,Lawrence,41096,52985
Mississippi,Leake,46669,52985
Mississippi,Lee,64479,52985
Mississippi,Leflore,33115,52985
Mississippi,Lincoln,47069,52985
Mississippi,Lowndes,53687,52985
Mississippi,Madison,79105,52985
Mississippi,Marion,38399,52985
Mississippi,Marshall,51431,52985
Mississippi,Monroe,51190,52985
Mississippi,Montgomery,36845,52985
Mississippi,Neshoba,47400,52985
Mississippi,Newton,49160,52985
Mississippi,Noxubee,42298,52985
Mississippi,Oktibbeha,42953,52985
Mississippi,Panola,47894,52985
Mississippi,Pearl River,54220,52985
Mississippi,Perry,48333,52985
Mississippi,Pike,40131,52985
Mississippi,Pontotoc,54414,52985
Mississippi,Prentiss,51578,52985
Mississippi,Quitman,31192,52985
Mississippi,Rankin,76460,52985
Mississippi,Scott,44968,52985
Mississippi,Sharkey,41000,52985
Mississippi,Simpson,50867,52985
Mississippi,Smith,51983,52985
Mississippi,Stone,55894,52985
Mississippi,Sunflower,37403,52985
Mississippi,Tallahatchie,35428,52985
Mississippi,Tate,61286,52985
Mississippi,Tippah,47968,52985
Mississippi,Tishomingo,45545,52985
Mississippi,Tunica,41676,52985
Mississippi,Union,55970,52985
Mississippi,Walthall,37145,52985
Mississippi,Warren,54117,52985
Mississippi,Washington,38394,52985
Mississippi,Wayne,34875,52985
Mississippi,Webster,55657,52985
Mississippi,Wilkinson,34928,52985
Mississippi,Winston,45516,52985
Mississippi,Yalobusha,47006,52985
Mississippi,Yazoo,41867,52985
Missouri,Adair,51020,65920
Missouri,Andrew,68774,65920
Missouri,Atchison,58521,65920
Missouri,Audrain,51745,65920
Missouri,Barry,55592,65920
Missouri,Barton,48105,65920
Missouri,Bates,54122,65920
Missouri,Benton,50229,65920
Missouri,Bollinger,52306,65920
Missouri,Boone,66564,65920
Missouri,Buchanan,58303,65920
Missouri,Butler,47245,65920
Missouri,Caldwell,58269,65920
Missouri,Callaway,70599,65920
Missouri,Camden,59834,65920
Missouri,Cape Girardeau,65070,65920
Missouri,Carroll,59101,65920
Missouri,Carter,45737,65920
Missouri,Cass,82473,65920
Missouri,Cedar,43589,65920
Missouri,Chariton,61910,65920
Missouri,Christian,75787,65920
Missouri,Clark,53362,65920
Missouri,Clay,82264,65920
Missouri,Clinton,66494,65920
Missouri,Cole,70667,65920
Missouri,Cooper,62239,65920
Missouri,Crawford,52367,65920
Missouri,Dade,46806,65920
Missouri,Dallas,46547,65920
Missouri,Daviess,59706,65920
Missouri,DeKalb,67910,65920
Missouri,Dent,51410,65920
Missouri,Douglas,47848,65920
Missouri,Dunklin,44868,65920
Missouri,Franklin,70111,65920
Missouri,Gasconade,62638,65920
Missouri,Gentry,53799,65920
Missouri,Greene,54968,65920
Missouri,Grundy,51045,65920
Missouri,Harrison,51809,65920
Missouri,Henry,54903,65920
Missouri,Hickory,33302,65920
Missouri,Holt,55153,65920
Missouri,Howard,59023,65920
Missouri,Howell,46401,65920
Missouri,Iron,53401,65920
Missouri,Jackson,65169,65920
Missouri,Jasper,54963,65920
Missouri,Jefferson,77217,65920
Missouri,Johnson,62503,65920
Missouri,Knox,49167,65920
Missouri,Laclede,49202,65920
Missouri,Lafayette,78397,65920
Missouri,Lawrence,52225,65920
Missouri,Lewis,49779,65920
Missouri,Lincoln,82543,65920
Missouri,Linn,58435,65920
Missouri,Livingston,58772,65920
Missouri,McDonald,46494,65920
Missouri,Macon,54113,65920
Missouri,Madison,54042,65920
Missouri,Maries,56491,65920
Missouri,Marion,62492,65920
Missouri,Mercer,55592,65920
Missouri,Miller,53490,65920
Missouri,Mississippi,40833,65920
Missouri,Moniteau,66792,65920
Missouri,Monroe,50245,65920
Missouri,Montgomery,58660,65920
Missouri,Morgan,48841,65920
Missouri,New Madrid,44092,65920
Missouri,Newton,60313,65920
Missouri,Nodaway,53917,65920
Missouri,Oregon,41365,65920
Missouri,Osage,70313,65920
Missouri,Ozark,39125,65920
Missouri,Pemiscot,37426,65920
Missouri,Perry,61486,65920
Missouri,Pettis,57581,65920
Missouri,Phelps,53242,65920
Missouri,Pike,53363,65920
Missouri,Platte,92543,65920
Missouri,Polk,54487,65920
Missouri,Pulaski,62541,65920
Missouri,Putnam,50950,65920
Missouri,Ralls,62615,65920
Missouri,Randolph,51480,65920
Missouri,Ray,69779,65920
Missouri,Reynolds,43856,65920
Missouri,Ripley,42541,65920
Missouri,St. Charles,99596,65920
Missouri,St. Clair,43483,65920
Missouri,Ste. Genevieve,61215,65920
Missouri,St. Francois,53083,65920
Missouri,St. Louis,78067,65920
Missouri,Saline,55396,65920
Missouri,Schuyler,53728,65920
Missouri,Scotland,58656,65920
Missouri,Scott,54621,65920
Missouri,Shannon,46767,65920
Missouri,Shelby,50387,65920
Missouri,Stoddard,51703,65920
Missouri,Stone,58392,65920
Missouri,Sullivan,53438,65920
Missouri,Taney,54467,65920
Missouri,Texas,42870,65920
Missouri,Vernon,53318,65920
Missouri,Warren,75531,65920
Missouri,Washington,49364,65920
Missouri,Wayne,42758,65920
Missouri,Webster,65103,65920
Missouri,Worth,43536,65920
Missouri,Wright,43573,65920
Missouri,St. Louis city,52941,65920
Montana,Beaverhead,55867,66341
Montana,Big Horn,52463,66341
Montana,Blaine,58507,66341
Montana,Broadwater,61679,66341
Montana,Carbon,66780,66341
Montana,Carter,46486,66341
Montana,Cascade,61351,66341
Montana,Chouteau,51791,66341
Montana,Custer,61114,66341
Montana,Daniels,47378,66341
Montana,Dawson,68168,66341
Montana,Deer Lodge,46436,66341
Montana,Fallon,79750,66341
Montana,Fergus,58321,66341
Montana,Flathead,68025,66341
Montana,Gallatin,83434,66341
Montana,Garfield,61786,66341
Montana,Glacier,41078,66341
Montana,Golden Valley,54792,66341
Montana,Granite,53917,66341
Montana,Hill,58427,66341
Montana,Jefferson,73875,66341
Montana,Judith Basin,58750,66341
Montana,Lake,58009,66341
Montana,Lewis and Clark,71967,66341
Montana,Liberty,48047,66341
Montana,Lincoln,44593,66341
Montana,McCone,79022,66341
Montana,Madison,61226,66341
Montana,Meagher,55753,66341
Montana,Mineral,56098,66341
Montana,Missoula,66840,66341
Montana,Musselshell,54875,66341
Montana,Park,67602,66341
Montana,Petroleum,57981,66341
Montana,Phillips,61250,66341
Montana,Pondera,59861,66341
Montana,Powder River,60313,66341
Montana,Powell,60994,66341
Montana,Prairie,44107,66341
Montana,Ravalli,67424,66341
Montana,Richland,67515,66341
Montana,Roosevelt,51038,66341
Montana,Rosebud,57656,66341
Montana,Sanders,47110,66341
Montana,Sheridan,67457,66341
Montana,Silver Bow,56297,66341
Montana,Stillwater,78380,66341
Montana,Sweet Grass,64872,66341
Montana,Teton,65224,66341
Montana,Toole,54040,66341
Montana,Treasure,70096,66341
Montana,Valley,59725,66341
Montana,Wheatland,48272,66341
Montana,Wibaux,58750,66341
Montana,Yellowstone,72300,66341
Nebraska,Adams,61502,71722
Nebraska,Antelope,61924,71722
Nebraska,Arthur,66667,71722
Nebraska,Banner,62375,71722
Nebraska,Blaine,52083,71722
Nebraska,Boone,66800,71722
Nebraska,Box Butte,67893,71722
Nebraska,Boyd,57120,71722
Nebraska,Brown,44267,71722
Nebraska,Buffalo,70093,71722
Nebraska,Burt,54950,71722
Nebraska,Butler,75690,71722
Nebraska,Cass,87673,71722
Nebraska,Cedar,72035,71722
Nebraska,Chase,57313,71722
Nebraska,Cherry,62373,71722
Nebraska,Cheyenne,54038,71722
Nebraska,Clay,73933,71722
Nebraska,Colfax,71205,71722
Nebraska,Cuming,68917,71722
Nebraska,Custer,62288,71722
Nebraska,Dakota,66112,71722
Nebraska,Dawes,53760,71722
Nebraska,Dawson,67462,71722
Nebraska,Deuel,58875,71722
Nebraska,Dixon,60568,71722
Nebraska,Dodge,66793,71722
Nebraska,Douglas,76083,71722
Nebraska,Dundy,58977,71722
Nebraska,Fillmore,72335,71722
Nebraska,Franklin,55625,71722
Nebraska,Frontier,62928,71722
Nebraska,Furnas,58895,71722
Nebraska,Gage,60035,71722
Nebraska,Garden,47139,71722
Nebraska,Garfield,64957,71722
Nebraska,Gosper,76583,71722
Nebraska,Grant,65139,71722
Nebraska,Greeley,52813,71722
Nebraska,Hall,63553,71722
Nebraska,Hamilton,73254,71722
Nebraska,Harlan,64583,71722
Nebraska,Hayes,59405,71722
Nebraska,Hitchcock,49456,71722
Nebraska,Holt,66325,71722
Nebraska,Hooker,43333,71722
Nebraska,Howard,70766,71722
Nebraska,Jefferson,54494,71722
Nebraska,Johnson,64352,71722
Nebraska,Kearney,74276,71722
Nebraska,Keith,59511,71722
Nebraska,Keya Paha,63977,71722
Nebraska,Kimball,53151,71722
Nebraska,Knox,61250,71722
Nebraska,Lancaster,70387,71722
Nebraska,Lincoln,63019,71722
Nebraska,Logan,69250,71722
Nebraska,Loup,50000,71722
Nebraska,McPherson,58250,71722
Nebraska,Madison,61139,71722
Nebraska,Merrick,57873,71722
Nebraska,Morrill,57325,71722
Nebraska,Nance,60054,71722
Nebraska,Nemaha,57196,71722
Nebraska,Nuckolls,66000,71722
Nebraska,Otoe,73031,71722
Nebraska,Pawnee,55833,71722
Nebraska,Perkins,61786,71722
Nebraska,Phelps,65114,71722
Nebraska,Pierce,65603,71722
Nebraska,Platte,69943,71722
Nebraska,Polk,67695,71722
Nebraska,Red Willow,58344,71722
Nebraska,Richardson,50321,71722
Nebraska,Rock,57566,71722
Nebraska,Saline,71104,71722
Nebraska,Sarpy,95911,71722
Nebraska,Saunders,84474,71722
Nebraska,Scotts Bluff,60137,71722
Nebraska,Seward,79677,71722
Nebraska,Sheridan,53609,71722
Nebraska,Sherman,60194,71722
Nebraska,Sioux,50833,71722
Nebraska,Stanton,76035,71722
Nebraska,Thayer,60305,71722
Nebraska,Thomas,70069,71722
Nebraska,Thurston,63459,71722
Nebraska,Valley,62321,71722
Nebraska,Washington,89671,71722
Nebraska,Wayne,64951,71722
Nebraska,Webster,62571,71722
Nebraska,Wheeler,59167,71722
Nebraska,York,72914,71722
Nevada,Churchill,69922,71646
Nevada,Clark,69911,71646
Nevada,Douglas,84262,71646
Nevada,Elko,87755,71646
Nevada,Esmeralda,40694,71646
Nevada,Eureka,73929,71646
Nevada,Humboldt,75574,71646
Nevada,Lander,92388,71646
Nevada,Lincoln,67412,71646
Nevada,Lyon,70026,71646
Nevada,Mineral,46625,71646
Nevada,Nye,53602,71646
Nevada,Pershing,66304,71646
Nevada,Storey,86932,71646
Nevada,Washoe,81531,71646
Nevada,White Pine,71297,71646
Nevada,Carson City,67465,71646
New Hampshire,Belknap,80719,90845
New Hampshire,Carroll,77049,90845
New Hampshire,Cheshire,76551,90845
New Hampshire,Coos,55247,90845
New Hampshire,Grafton,79949,90845
New Hampshire,Hillsborough,95112,90845
New Hampshire,Merrimack,88806,90845
New Hampshire,Rockingham,110225,90845
New Hampshire,Strafford,83212,90845
New Hampshire,Sullivan,70788,90845
New Jersey,Atlantic,73113,97126
New Jersey,Bergen,118714,97126
New Jersey,Burlington,102615,97126
New Jersey,Camden,82005,97126
New Jersey,Cape May,83870,97126
New Jersey,Cumberland,62310,97126
New Jersey,Essex,73785,97126
New Jersey,Gloucester,99668,97126
New Jersey,Hudson,86854,97126
New Jersey,Hunterdon,133534,97126
New Jersey,Mercer,92697,97126
New Jersey,Middlesex,105206,97126
New Jersey,Monmouth,118527,97126
New Jersey,Morris,130808,97126
New Jersey,Ocean,82379,97126
New Jersey,Passaic,84465,97126
New Jersey,Salem,73378,97126
New Jersey,Somerset,131948,97126
New Jersey,Sussex,111094,97126
New Jersey,Union,95000,97126
New Jersey,Warren,92620,97126
New Mexico,Bernalillo,62220,58722
New Mexico,Catron,44777,58722
New Mexico,Chaves,49673,58722
New Mexico,Cibola,49866,58722
New Mexico,Colfax,46286,58722
New Mexico,Curry,55427,58722
New Mexico,De Baca,34702,58722
New Mexico,Doa Ana,51232,58722
New Mexico,Eddy,77458,58722
New Mexico,Grant,44895,58722
New Mexico,Guadalupe,38713,58722
New Mexico,Harding,39489,58722
New Mexico,Hidalgo,53651,58722
New Mexico,Lea,65855,58722
New Mexico,Lincoln,47919,58722
New Mexico,Los Alamos,135801,58722
New Mexico,Luna,38241,58722
New Mexico,McKinley,44029,58722
New Mexico,Mora,40231,58722
New Mexico,Otero,50833,58722
New Mexico,Quay,38998,58722
New Mexico,Rio Arriba,52031,58722
New Mexico,Roosevelt,52644,58722
New Mexico,Sandoval,76424,58722
New Mexico,San Juan,50734,58722
New Mexico,San Miguel,43490,58722
New Mexico,Santa Fe,70522,58722
New Mexico,Sierra,35256,58722
New Mexico,Socorro,40699,58722
New Mexico,Taos,55145,58722
New Mexico,Torrance,50727,58722
New Mexico,Union,41714,58722
New Mexico,Valencia,56246,58722
New York,Albany,78829,81386
New York,Allegany,58725,81386
New York,Bronx,47036,81386
New York,Broome,58317,81386
New York,Cattaraugus,56889,81386
New York,Cayuga,63227,81386
New York,Chautauqua,54625,81386
New York,Chemung,61358,81386
New York,Chenango,61741,81386
New York,Clinton,67097,81386
New York,Columbia,81741,81386
New York,Cortland,65029,81386
New York,Delaware,58338,81386
New York,Dutchess,94578,81386
New York,Erie,68014,81386
New York,Essex,68090,81386
New York,Franklin,60270,81386
New York,Fulton,60557,81386
New York,Genesee,68178,81386
New York,Greene,70294,81386
New York,Hamilton,66891,81386
New York,Herkimer,68104,81386
New York,Jefferson,62782,81386
New York,Kings,74692,81386
New York,Lewis,64401,81386
New York,Livingston,70443,81386
New York,Madison,68869,81386
New York,Monroe,71450,81386
New York,Montgomery,58033,81386
New York,Nassau,137709,81386
New York,New York,99880,81386
New York,Niagara,65882,81386
New York,Oneida,66402,81386
New York,Onondaga,71479,81386
New York,Ontario,76603,81386
New York,Orange,91806,81386
New York,Orleans,61069,81386
New York,Oswego,65054,81386
New York,Otsego,65778,81386
New York,Putnam,120970,81386
New York,Queens,82431,81386
New York,Rensselaer,83734,81386
New York,Richmond,96185,81386
New York,Rockland,106173,81386
New York,St. Lawrence,58339,81386
New York,Saratoga,97038,81386
New York,Schenectady,75056,81386
New York,Schoharie,71479,81386
New York,Schuyler,61316,81386
New York,Seneca,64050,81386
New York,Steuben,62506,81386
New York,Suffolk,122498,81386
New York,Sullivan,67841,81386
New York,Tioga,70427,81386
New York,Tompkins,69995,81386
New York,Ulster,77197,81386
New York,Warren,74531,81386
New York,Washington,68703,81386
New York,Wayne,71007,81386
New York,Westchester,114651,81386
New York,Wyoming,65066,81386
New York,Yates,63974,81386
North Carolina,Alamance,60866,66186
North Carolina,Alexander,62764,66186
North Carolina,Alleghany,42115,66186
North Carolina,Anson,42000,66186
North Carolina,Ashe,49176,66186
North Carolina,Avery,53513,66186
North Carolina,Beaufort,56081,66186
North Carolina,Bertie,41652,66186
North Carolina,Bladen,40476,66186
North Carolina,Brunswick,71193,66186
North Carolina,Buncombe,66531,66186
North Carolina,Burke,53732,66186
North Carolina,Cabarrus,83828,66186
North Carolina,Caldwell,52362,66186
North Carolina,Camden,79120,66186
North Carolina,Carteret,66965,66186
North Carolina,Caswell,56999,66186
North Carolina,Catawba,62070,66186
North Carolina,Chatham,84222,66186
North Carolina,Cherokee,49254,66186
North Carolina,Chowan,51188,66186
North Carolina,Clay,57065,66186
North Carolina,Cleveland,50723,66186
North Carolina,Columbus,43206,66186
North Carolina,Craven,61676,66186
North Carolina,Cumberland,55551,66186
North Carolina,Currituck,82793,66186
North Carolina,Dare,79742,66186
North Carolina,Davidson,58473,66186
North Carolina,Davie,69105,66186
North Carolina,Duplin,49376,66186
North Carolina,Durham,74927,66186
North Carolina,Edgecombe,46370,66186
North Carolina,Forsyth,61229,66186
North Carolina,Franklin,70493,66186
North Carolina,Gaston,62628,66186
North Carolina,Gates,55750,66186
North Carolina,Graham,46010,66186
North Carolina,Granville,68079,66186
North Carolina,Greene,50320,66186
North Carolina,Guilford,62880,66186
North Carolina,Halifax,41629,66186
North Carolina,Harnett,64992,66186
North Carolina,Haywood,56596,66186
North Carolina,Henderson,65508,66186
North Carolina,Hertford,46196,66186
North Carolina,Hoke,57141,66186
North Carolina,Hyde,43724,66186
North Carolina,Iredell,73103,66186
North Carolina,Jackson,51482,66186
North Carolina,Johnston,75288,66186
North Carolina,Jones,53053,66186
North Carolina,Lee,60941,66186
North Carolina,Lenoir,43063,66186
North Carolina,Lincoln,75672,66186
North Carolina,McDowell,53532,66186
North Carolina,Macon,51042,66186
North Carolina,Madison,56664,66186
North Carolina,Martin,44799,66186
North Carolina,Mecklenburg,79265,66186
North Carolina,Mitchell,55534,66186
North Carolina,Montgomery,55523,66186
North Carolina,Moore,77981,66186
North Carolina,Nash,56770,66186
North Carolina,New Hanover,67515,66186
North Carolina,Northampton,45698,66186
North Carolina,Onslow,59976,66186
North Carolina,Orange,85785,66186
North Carolina,Pamlico,55867,66186
North Carolina,Pasquotank,61411,66186
North Carolina,Pender,74538,66186
North Carolina,Perquimans,59401,66186
North Carolina,Person,60688,66186
North Carolina,Pitt,54915,66186
North Carolina,Polk,60465,66186
North Carolina,Randolph,56423,66186
North Carolina,Richmond,42354,66186
North Carolina,Robeson,39393,66186
North Carolina,Rockingham,50737,66186
North Carolina,Rowan,59717,66186
North Carolina,Rutherford,50512,66186
North Carolina,Sampson,49963,66186
North Carolina,Scotland,41948,66186
North Carolina,Stanly,60634,66186
North Carolina,Stokes,57539,66186
North Carolina,Surry,52743,66186
North Carolina,Swain,52818,66186
North Carolina,Transylvania,62056,66186
North Carolina,Tyrrell,55341,66186
North Carolina,Union,95533,66186
North Carolina,Vance,48340,66186
North Carolina,Wake,96734,66186
North Carolina,Warren,42282,66186
North Carolina,Washington,38927,66186
North Carolina,Watauga,50034,66186
North Carolina,Wayne,54323,66186
North Carolina,Wilkes,49119,66186
North Carolina,Wilson,49827,66186
North Carolina,Yadkin,57486,66186
North Carolina,Yancey,53103,66186
North Dakota,Adams,57950,73959
North Dakota,Barnes,64447,73959
North Dakota,Benson,63220,73959
North Dakota,Billings,74000,73959
North Dakota,Bottineau,80113,73959
North Dakota,Bowman,79709,73959
North Dakota,Burke,94583,73959
North Dakota,Burleigh,82141,73959
North Dakota,Cass,73249,73959
North Dakota,Cavalier,61174,73959
North Dakota,Dickey,60250,73959
North Dakota,Divide,95938,73959
North Dakota,Dunn,91758,73959
North Dakota,Eddy,50375,73959
North Dakota,Emmons,63750,73959
North Dakota,Foster,78426,73959
North Dakota,Golden Valley,84750,73959
North Dakota,Grand Forks,64698,73959
North Dakota,Grant,57069,73959
North Dakota,Griggs,66688,73959
North Dakota,Hettinger,66797,73959
North Dakota,Kidder,57240,73959
North Dakota,LaMoure,70227,73959
North Dakota,Logan,59750,73959
North Dakota,McHenry,78071,73959
North Dakota,McIntosh,64375,73959
North Dakota,McKenzie,83813,73959
North Dakota,McLean,80556,73959
North Dakota,Mercer,82155,73959
North Dakota,Morton,79555,73959
North Dakota,Mountrail,81886,73959
North Dakota,Nelson,62219,73959
North Dakota,Oliver,69722,73959
North Dakota,Pembina,64243,73959
North Dakota,Pierce,59583,73959
North Dakota,Ramsey,61490,73959
North Dakota,Ransom,71462,73959
North Dakota,Renville,77067,73959
North Dakota,Richland,67089,73959
North Dakota,Rolette,53806,73959
North Dakota,Sargent,75648,73959
North Dakota,Sheridan,68684,73959
North Dakota,Sioux,41201,73959
North Dakota,Slope,70625,73959
North Dakota,Stark,78734,73959
North Dakota,Steele,85750,73959
North Dakota,Stutsman,59167,73959
North Dakota,Towner,61250,73959
North Dakota,Traill,81157,73959
North Dakota,Walsh,68082,73959
North Dakota,Ward,78143,73959
North Dakota,Wells,59732,73959
North Dakota,Williams,86139,73959
Ohio,Adams,46234,66990
Ohio,Allen,58976,66990
Ohio,Ashland,62254,66990
Ohio,Ashtabula,53663,66990
Ohio,Athens,48750,66990
Ohio,Auglaize,75231,66990
Ohio,Belmont,56943,66990
Ohio,Brown,66677,66990
Ohio,Butler,77062,66990
Ohio,Carroll,59872,66990
Ohio,Champaign,70486,66990
Ohio,Clark,58954,66990
Ohio,Clermont,79573,66990
Ohio,Clinton,64210,66990
Ohio,Columbiana,55473,66990
Ohio,Coshocton,52048,66990
Ohio,Crawford,52486,66990
Ohio,Cuyahoga,60074,66990
Ohio,Darke,60237,66990
Ohio,Defiance,69302,66990
Ohio,Delaware,123995,66990
Ohio,Erie,65171,66990
Ohio,Fairfield,82969,66990
Ohio,Fayette,56773,66990
Ohio,Franklin,71070,66990
Ohio,Fulton,71453,66990
Ohio,Gallia,55533,66990
Ohio,Geauga,97162,66990
Ohio,Greene,81243,66990
Ohio,Guernsey,53901,66990
Ohio,Hamilton,68249,66990
Ohio,Hancock,67006,66990
Ohio,Hardin,55876,66990
Ohio,Harrison,54056,66990
Ohio,Henry,71616,66990
Ohio,Highland,60522,66990
Ohio,Hocking,59007,66990
Ohio,Holmes,72987,66990
Ohio,Huron,64144,66990
Ohio,Jackson,56549,66990
Ohio,Jefferson,53124,66990
Ohio,Knox,71246,66990
Ohio,Lake,76835,66990
Ohio,Lawrence,51846,66990
Ohio,Licking,78505,66990
Ohio,Logan,69125,66990
Ohio,Lorain,67272,66990
Ohio,Lucas,57265,66990
Ohio,Madison,77062,66990
Ohio,Mahoning,54279,66990
Ohio,Marion,55106,66990
Ohio,Medina,89968,66990
Ohio,Meigs,46255,66990
Ohio,Mercer,73278,66990
Ohio,Miami,71440,66990
Ohio,Monroe,55381,66990
Ohio,Montgomery,61942,66990
Ohio,Morgan,51056,66990
Ohio,Morrow,70412,66990
Ohio,Muskingum,56810,66990
Ohio,Noble,51547,66990
Ohio,Ottawa,69515,66990
Ohio,Paulding,65331,66990
Ohio,Perry,62899,66990
Ohio,Pickaway,67600,66990
Ohio,Pike,50832,66990
Ohio,Portage,69796,66990
Ohio,Preble,66355,66990
Ohio,Putnam,79453,66990
Ohio,Richland,56557,66990
Ohio,Ross,58048,66990
Ohio,Sandusky,60814,66990
Ohio,Scioto,46360,66990
Ohio,Seneca,62476,66990
Ohio,Shelby,73502,66990
Ohio,Stark,63130,66990
Ohio,Summit,68360,66990
Ohio,Trumbull,53537,66990
Ohio,Tuscarawas,61953,66990
Ohio,Union,104496,66990
Ohio,Van Wert,64841,66990
Ohio,Vinton,50967,66990
Ohio,Warren,103128,66990
Ohio,Washington,59053,66990
Ohio,Wayne,70320,66990
Ohio,Williams,60632,66990
Ohio,Wood,70537,66990
Ohio,Wyandot,68552,66990
Oklahoma,Adair,44955,61364
Oklahoma,Alfalfa,75028,61364
Oklahoma,Atoka,49181,61364
Oklahoma,Beaver,62981,61364
Oklahoma,Beckham,51499,61364
Oklahoma,Blaine,56843,61364
Oklahoma,Bryan,54289,61364
Oklahoma,Caddo,52443,61364
Oklahoma,Canadian,82364,61364
Oklahoma,Carter,56390,61364
Oklahoma,Cherokee,52410,61364
Oklahoma,Choctaw,43252,61364
Oklahoma,Cimarron,57100,61364
Oklahoma,Cleveland,71757,61364
Oklahoma,Coal,47117,61364
Oklahoma,Comanche,57150,61364
Oklahoma,Cotton,60208,61364
Oklahoma,Craig,48018,61364
Oklahoma,Creek,61657,61364
Oklahoma,Custer,58669,61364
Oklahoma,Delaware,53290,61364
Oklahoma,Dewey,61310,61364
Oklahoma,Ellis,57768,61364
Oklahoma,Garfield,64165,61364
Oklahoma,Garvin,53600,61364
Oklahoma,Grady,74349,61364
Oklahoma,Grant,58980,61364
Oklahoma,Greer,55204,61364
Oklahoma,Harmon,55729,61364
Oklahoma,Harper,59934,61364
Oklahoma,Haskell,46239,61364
Oklahoma,Hughes,44799,61364
Oklahoma,Jackson,60954,61364
Oklahoma,Jefferson,48346,61364
Oklahoma,Johnston,48476,61364
Oklahoma,Kay,53746,61364
Oklahoma,Kingfisher,65167,61364
Oklahoma,Kiowa,42679,61364
Oklahoma,Latimer,42735,61364
Oklahoma,Le Flore,46750,61364
Oklahoma,Lincoln,57656,61364
Oklahoma,Logan,80565,61364
Oklahoma,Love,60758,61364
Oklahoma,McClain,80150,61364
Oklahoma,McCurtain,47046,61364
Oklahoma,McIntosh,43467,61364
Oklahoma,Major,67621,61364
Oklahoma,Marshall,53734,61364
Oklahoma,Mayes,56552,61364
Oklahoma,Murray,60213,61364
Oklahoma,Muskogee,50289,61364
Oklahoma,Noble,66813,61364
Oklahoma,Nowata,50960,61364
Oklahoma,Okfuskee,45429,61364
Oklahoma,Oklahoma,62505,61364
Oklahoma,Okmulgee,50819,61364
Oklahoma,Osage,58189,61364
Oklahoma,Ottawa,46186,61364
Oklahoma,Pawnee,56279,61364
Oklahoma,Payne,46658,61364
Oklahoma,Pittsburg,53054,61364
Oklahoma,Pontotoc,59457,61364
Oklahoma,Pottawatomie,58270,61364
Oklahoma,Pushmataha,42274,61364
Oklahoma,Roger Mills,57574,61364
Oklahoma,Rogers,75312,61364
Oklahoma,Seminole,43239,61364
Oklahoma,Sequoyah,47494,61364
Oklahoma,Stephens,57065,61364
Oklahoma,Texas,55682,61364
Oklahoma,Tillman,46306,61364
Oklahoma,Tulsa,65229,61364
Oklahoma,Wagoner,75082,61364
Oklahoma,Washington,59426,61364
Oklahoma,Washita,60600,61364
Oklahoma,Woods,50724,61364
Oklahoma,Woodward,61207,61364
Oregon,Baker,51657,76632
Oregon,Benton,72882,76632
Oregon,Clackamas,95740,76632
Oregon,Clatsop,68025,76632
Oregon,Columbia,83265,76632
Oregon,Coos,57563,76632
Oregon,Crook,74969,76632
Oregon,Curry,64300,76632
Oregon,Deschutes,82042,76632
Oregon,Douglas,56440,76632
Oregon,Gilliam,58409,76632
Oregon,Grant,56045,76632
Oregon,Harney,45462,76632
Oregon,Hood River,80254,76632
Oregon,Jackson,67690,76632
Oregon,Jefferson,69345,76632
Oregon,Josephine,56068,76632
Oregon,Klamath,57219,76632
Oregon,Lake,54663,76632
Oregon,Lane,65157,76632
Oregon,Lincoln,57794,76632
Oregon,Linn,69523,76632
Oregon,Malheur,48371,76632
Oregon,Marion,70926,76632
Oregon,Morrow,64975,76632
Oregon,Multnomah,83668,76632
Oregon,Polk,77353,76632
Oregon,Sherman,57171,76632
Oregon,Tillamook,63098,76632
Oregon,Umatilla,70322,76632
Oregon,Union,61946,76632
Oregon,Wallowa,62238,76632
Oregon,Wasco,61316,76632
Oregon,Washington,100121,76632
Oregon,Wheeler,50774,76632
Oregon,Yamhill,80125,76632
Pennsylvania,Adams,78975,73170
Pennsylvania,Allegheny,72537,73170
Pennsylvania,Armstrong,61011,73170
Pennsylvania,Beaver,67194,73170
Pennsylvania,Bedford,58337,73170
Pennsylvania,Berks,74617,73170
Pennsylvania,Blair,59386,73170
Pennsylvania,Bradford,60650,73170
Pennsylvania,Bucks,107826,73170
Pennsylvania,Butler,82932,73170
Pennsylvania,Cambria,54221,73170
Pennsylvania,Cameron,46186,73170
Pennsylvania,Carbon,64538,73170
Pennsylvania,Centre,70087,73170
Pennsylvania,Chester,118574,73170
Pennsylvania,Clarion,58690,73170
Pennsylvania,Clearfield,56982,73170
Pennsylvania,Clinton,59011,73170
Pennsylvania,Columbia,59457,73170
Pennsylvania,Crawford,58734,73170
Pennsylvania,Cumberland,82849,73170
Pennsylvania,Dauphin,71046,73170
Pennsylvania,Delaware,86390,73170
Pennsylvania,Elk,61672,73170
Pennsylvania,Erie,59396,73170
Pennsylvania,Fayette,55579,73170
Pennsylvania,Forest,46188,73170
Pennsylvania,Franklin,71808,73170
Pennsylvania,Fulton,63153,73170
Pennsylvania,Greene,66283,73170
Pennsylvania,Huntingdon,61300,73170
Pennsylvania,Indiana,57170,73170
Pennsylvania,Jefferson,56607,73170
Pennsylvania,Juniata,61915,73170
Pennsylvania,Lackawanna,63739,73170
Pennsylvania,Lancaster,81458,73170
Pennsylvania,Lawrence,57585,73170
Pennsylvania,Lebanon,72532,73170
Pennsylvania,Lehigh,74973,73170
Pennsylvania,Luzerne,60836,73170
Pennsylvania,Lycoming,63437,73170
Pennsylvania,McKean,57861,73170
Pennsylvania,Mercer,57353,73170
Pennsylvania,Mifflin,58012,73170
Pennsylvania,Monroe,80656,73170
Pennsylvania,Montgomery,107441,73170
Pennsylvania,Montour,72626,73170
Pennsylvania,Northampton,82201,73170
Pennsylvania,Northumberland,55952,73170
Pennsylvania,Perry,76103,73170
Pennsylvania,Philadelphia,57537,73170
Pennsylvania,Pike,76416,73170
Pennsylvania,Potter,56491,73170
Pennsylvania,Schuylkill,63574,73170
Pennsylvania,Snyder,65914,73170
Pennsylvania,Somerset,57357,73170
Pennsylvania,Sullivan,62910,73170
Pennsylvania,Susquehanna,63968,73170
Pennsylvania,Tioga,59707,73170
Pennsylvania,Union,64914,73170
Pennsylvania,Venango,59278,73170
Pennsylvania,Warren,57925,73170
Pennsylvania,Washington,74403,73170
Pennsylvania,Wayne,59240,73170
Pennsylvania,Westmoreland,69454,73170
Pennsylvania,Wyoming,67968,73170
Pennsylvania,York,79183,73170
Rhode Island,Bristol,105875,81370
Rhode Island,Kent,85732,81370
Rhode Island,Newport,96319,81370
Rhode Island,Providence,72579,81370
Rhode Island,Washington,99510,81370
South Carolina,Abbeville,49759,63623
South Carolina,Aiken,63212,63623
South Carolina,Allendale,37096,63623
South Carolina,Anderson,62347,63623
South Carolina,Bamberg,43920,63623
South Carolina,Barnwell,42470,63623
South Carolina,Beaufort,81260,63623
South Carolina,Berkeley,77874,63623
South Carolina,Calhoun,55550,63623
South Carolina,Charleston,78795,63623
South Carolina,Cherokee,47011,63623
South Carolina,Chester,50022,63623
South Carolina,Chesterfield,46326,63623
South Carolina,Clarendon,48677,63623
South Carolina,Colleton,46795,63623
South Carolina,Darlington,44317,63623
South Carolina,Dillon,42454,63623
South Carolina,Dorchester,73686,63623
South Carolina,Edgefield,60033,63623
South Carolina,Fairfield,44521,63623
South Carolina,Florence,56088,63623
South Carolina,Georgetown,59782,63623
South Carolina,Greenville,71328,63623
South Carolina,Greenwood,47553,63623
South Carolina,Hampton,40157,63623
South Carolina,Horry,59880,63623
South Carolina,Jasper,60452,63623
South Carolina,Kershaw,61343,63623
South Carolina,Lancaster,72186,63623
South Carolina,Laurens,52077,63623
South Carolina,Lee,39099,63623
South Carolina,Lexington,71280,63623
South Carolina,McCormick,55569,63623
South Carolina,Marion,35972,63623
South Carolina,Marlboro,34275,63623
South Carolina,Newberry,56706,63623
South Carolina,Oconee,56710,63623
South Carolina,Orangeburg,41020,63623
South Carolina,Pickens,57628,63623
South Carolina,Richland,59850,63623
South Carolina,Saluda,51041,63623
South Carolina,Spartanburg,61955,63623
South Carolina,Sumter,53970,63623
South Carolina,Union,42305,63623
South Carolina,Williamsburg,40848,63623
South Carolina,York,80158,63623
South Dakota,Aurora,71490,69457
South Dakota,Beadle,63813,69457
South Dakota,Bennett,44821,69457
South Dakota,Bon Homme,57554,69457
South Dakota,Brookings,64438,69457
South Dakota,Brown,70379,69457
South Dakota,Brule,64821,69457
South Dakota,Buffalo,42917,69457
South Dakota,Butte,58106,69457
South Dakota,Campbell,66932,69457
South Dakota,Charles Mix,60729,69457
South Dakota,Clark,59340,69457
South Dakota,Clay,55963,69457
South Dakota,Codington,65747,69457
South Dakota,Corson,48125,69457
South Dakota,Custer,75943,69457
South Dakota,Davison,55606,69457
South Dakota,Day,57558,69457
South Dakota,Deuel,76997,69457
South Dakota,Dewey,55077,69457
South Dakota,Douglas,75048,69457
South Dakota,Edmunds,76806,69457
South Dakota,Fall River,54886,69457
South Dakota,Faulk,56734,69457
South Dakota,Grant,70851,69457
South Dakota,Gregory,48272,69457
South Dakota,Haakon,53109,69457
South Dakota,Hamlin,76995,69457
South Dakota,Hand,72857,69457
South Dakota,Hanson,86827,69457
South Dakota,Harding,71484,69457
South Dakota,Hughes,83750,69457
South Dakota,Hutchinson,69139,69457
South Dakota,Hyde,69712,69457
South Dakota,Jackson,26078,69457
South Dakota,Jerauld,66607,69457
South Dakota,Jones,61250,69457
South Dakota,Kingsbury,65964,69457
South Dakota,Lake,74884,69457
South Dakota,Lawrence,62977,69457
South Dakota,Lincoln,92317,69457
South Dakota,Lyman,60284,69457
South Dakota,McCook,74873,69457
South Dakota,McPherson,58529,69457
South Dakota,Marshall,74018,69457
South Dakota,Meade,70256,69457
South Dakota,Mellette,41397,69457
South Dakota,Miner,62037,69457
South Dakota,Minnehaha,73110,69457
South Dakota,Moody,71469,69457
South Dakota,Oglala Lakota,32279,69457
South Dakota,Pennington,67823,69457
South Dakota,Perkins,64410,69457
South Dakota,Potter,71786,69457
South Dakota,Roberts,59022,69457
South Dakota,Sanborn,65806,69457
South Dakota,Spink,65795,69457
South Dakota,Stanley,82298,69457
South Dakota,Sully,66875,69457
South Dakota,Todd,33792,69457
South Dakota,Tripp,56758,69457
South Dakota,Turner,72312,69457
South Dakota,Union,82036,69457
South Dakota,Walworth,57697,69457
South Dakota,Yankton,68847,69457
South Dakota,Ziebach,46023,69457
Tennessee,Anderson,60633,64035
Tennessee,Bedford,59955,64035
Tennessee,Benton,47737,64035
Tennessee,Bledsoe,51783,64035
Tennessee,Blount,70935,64035
Tennessee,Bradley,60692,64035
Tennessee,Campbell,48258,64035
Tennessee,Cannon,57651,64035
Tennessee,Carroll,49700,64035
Tennessee,Carter,47994,64035
Tennessee,Cheatham,77014,64035
Tennessee,Chester,57471,64035
Tennessee,Claiborne,42406,64035
Tennessee,Clay,39572,64035
Tennessee,Cocke,45110,64035
Tennessee,Coffee,57424,64035
Tennessee,Crockett,59136,64035
Tennessee,Cumberland,56002,64035
Tennessee,Davidson,71863,64035
Tennessee,Decatur,48466,64035
Tennessee,DeKalb,46907,64035
Tennessee,Dickson,68492,64035
Tennessee,Dyer,53150,64035
Tennessee,Fayette,81074,64035
Tennessee,Fentress,47884,64035
Tennessee,Franklin,57933,64035
Tennessee,Gibson,55455,64035
Tennessee,Giles,56877,64035
Tennessee,Grainger,47098,64035
Tennessee,Greene,51975,64035
Tennessee,Grundy,47948,64035
Tennessee,Hamblen,49656,64035
Tennessee,Hamilton,69069,64035
Tennessee,Hancock,31809,64035
Tennessee,Hardeman,43566,64035
Tennessee,Hardin,46902,64035
Tennessee,Hawkins,53647,64035
Tennessee,Haywood,44890,64035
Tennessee,Henderson,51576,64035
Tennessee,Henry,48025,64035
Tennessee,Hickman,54669,64035
Tennessee,Houston,51544,64035
Tennessee,Humphreys,54185,64035
Tennessee,Jackson,42357,64035
Tennessee,Jefferson,60393,64035
Tennessee,Johnson,47571,64035
Tennessee,Knox,68580,64035
Tennessee,Lake,32064,64035
Tennessee,Lauderdale,46702,64035
Tennessee,Lawrence,51038,64035
Tennessee,Lewis,44613,64035
Tennessee,Lincoln,61374,64035
Tennessee,Loudon,75008,64035
Tennessee,McMinn,57982,64035
Tennessee,McNairy,46920,64035
Tennessee,Macon,51215,64035
Tennessee,Madison,55280,64035
Tennessee,Marion,58139,64035
Tennessee,Marshall,65325,64035
Tennessee,Maury,71500,64035
Tennessee,Meigs,59434,64035
Tennessee,Monroe,52123,64035
Tennessee,Montgomery,67890,64035
Tennessee,Moore,69250,64035
Tennessee,Morgan,51971,64035
Tennessee,Obion,50638,64035
Tennessee,Overton,46580,64035
Tennessee,Perry,55978,64035
Tennessee,Pickett,44317,64035
Tennessee,Polk,53775,64035
Tennessee,Putnam,54371,64035
Tennessee,Rhea,55568,64035
Tennessee,Roane,66460,64035
Tennessee,Robertson,74440,64035
Tennessee,Rutherford,78291,64035
Tennessee,Scott,39744,64035
Tennessee,Sequatchie,53038,64035
Tennessee,Sevier,60103,64035
Tennessee,Shelby,59621,64035
Tennessee,Smith,57677,64035
Tennessee,Stewart,57257,64035
Tennessee,Sullivan,54357,64035
Tennessee,Sumner,81883,64035
Tennessee,Tipton,70674,64035
Tennessee,Trousdale,62018,64035
Tennessee,Unicoi,49855,64035
Tennessee,Union,57094,64035
Tennessee,Van Buren,44730,64035
Tennessee,Warren,52948,64035
Tennessee,Washington,58507,64035
Tennessee,Wayne,49360,64035
Tennessee,Weakley,47769,64035
Tennessee,White,48220,64035
Tennessee,Williamson,125943,64035
Tennessee,Wilson,89462,64035
Texas,Anderson,57445,73035
Texas,Andrews,86458,73035
Texas,Angelina,57055,73035
Texas,Aransas,58168,73035
Texas,Archer,69954,73035
Texas,Armstrong,70417,73035
Texas,Atascosa,67442,73035
Texas,Austin,73556,73035
Texas,Bailey,69830,73035
Texas,Bandera,70965,73035
Texas,Bastrop,80151,73035
Texas,Baylor,52716,73035
Texas,Bee,50283,73035
Texas,Bell,62858,73035
Texas,Bexar,67275,73035
Texas,Blanco,79717,73035
Texas,Borden,80625,73035
Texas,Bosque,63868,73035
Texas,Bowie,56628,73035
Texas,Brazoria,91972,73035
Texas,Brazos,57562,73035
Texas,Brewster,47747,73035
Texas,Briscoe,35446,73035
Texas,Brooks,30566,73035
Texas,Brown,53792,73035
Texas,Burleson,71745,73035
Texas,Burnet,71482,73035
Texas,Caldwell,66779,73035
Texas,Calhoun,62267,73035
Texas,Callahan,63906,73035
Texas,Cameron,47435,73035
Texas,Camp,53968,73035
Texas,Carson,83199,73035
Texas,Cass,54303,73035
Texas,Castro,59886,73035
Texas,Chambers,106103,73035
Texas,Cherokee,56971,73035
Texas,Childress,56063,73035
Texas,Clay,75227,73035
Texas,Cochran,41597,73035
Texas,Coke,40230,73035
Texas,Coleman,51034,73035
Texas,Collin,113255,73035
Texas,Collingsworth,52045,73035
Texas,Colorado,63352,73035
Texas,Comal,93744,73035
Texas,Comanche,57383,73035
Texas,Concho,55750,73035
Texas,Cooke,66374,73035
Texas,Coryell,63281,73035
Texas,Cottle,47625,73035
Texas,Crane,71364,73035
Texas,Crockett,64103,73035
Texas,Crosby,50268,73035
Texas,Culberson,35924,73035
Texas,Dallam,71969,73035
Texas,Dallas,70732,73035
Texas,Dawson,45268,73035
Texas,Deaf Smith,51942,73035
Texas,Delta,68491,73035
Texas,Denton,104180,73035
Texas,DeWitt,61100,73035
Texas,Dickens,46638,73035
Texas,Dimmit,27374,73035
Texas,Donley,51711,73035
Texas,Duval,50697,73035
Texas,Eastland,52902,73035
Texas,Ector,70566,73035
Texas,Edwards,40809,73035
Texas,Ellis,93248,73035
Texas,El Paso,55417,73035
Texas,Erath,59654,73035
Texas,Falls,45172,73035
Texas,Fannin,65835,73035
Texas,Fayette,72881,73035
Texas,Fisher,60461,73035
Texas,Floyd,49321,73035
Texas,Foard,41944,73035
Texas,Fort Bend,109987,73035
Texas,Franklin,67915,73035
Texas,Freestone,55902,73035
Texas,Frio,56042,73035
Texas,Gaines,73299,73035
Texas,Galveston,83913,73035
Texas,Garza,56215,73035
Texas,Gillespie,70162,73035
Texas,Glasscock,112188,73035
Texas,Goliad,58125,73035
Texas,Gonzales,64255,73035
Texas,Gray,54563,73035
Texas,Grayson,66608,73035
Texas,Gregg,63811,73035
Texas,Grimes,63484,73035
Texas,Guadalupe,88111,73035
Texas,Hale,50721,73035
Texas,Hall,43873,73035
Texas,Hamilton,54890,73035
Texas,Hansford,62350,73035
Texas,Hardeman,60455,73035
Texas,Hardin,70164,73035
Texas,Harris,70789,73035
Texas,Harrison,63427,73035
Texas,Hartley,78065,73035
Texas,Haskell,52786,73035
Texas,Hays,79990,73035
Texas,Hemphill,67798,73035
Texas,Henderson,59778,73035
Texas,Hidalgo,49371,73035
Texas,Hill,60669,73035
Texas,Hockley,53283,73035
Texas,Hood,80013,73035
Texas,Hopkins,63766,73035
Texas,Houston,51043,73035
Texas,Howard,67243,73035
Texas,Hudspeth,35163,73035
Texas,Hunt,66885,73035
Texas,Hutchinson,62211,73035
Texas,Irion,54708,73035
Texas,Jack,58861,73035
Texas,Jackson,67176,73035
Texas,Jasper,48818,73035
Texas,Jeff Davis,38125,73035
Texas,Jefferson,57294,73035
Texas,Jim Hogg,42292,73035
Texas,Jim Wells,46626,73035
Texas,Johnson,77058,73035
Texas,Jones,59361,73035
Texas,Karnes,57798,73035
Texas,Kaufman,84075,73035
Texas,Kendall,104196,73035
Texas,Kenedy,45455,73035
Texas,Kent,68553,73035
Texas,Kerr,66713,73035
Texas,Kimble,62386,73035
Texas,King,59375,73035
Texas,Kinney,52386,73035
Texas,Kleberg,52487,73035
Texas,Knox,48750,73035
Texas,Lamar,58246,73035
Texas,Lamb,54519,73035
Texas,Lampasas,73269,73035
Texas,La Salle,62798,73035
Texas,Lavaca,58530,73035
Texas,Lee,66448,73035
Texas,Leon,57363,73035
Texas,Liberty,59605,73035
Texas,Limestone,53102,73035
Texas,Lipscomb,71625,73035
Texas,Live Oak,55949,73035
Texas,Llano,64241,73035
Texas,Loving,-666666666,73035
Texas,Lubbock,61911,73035
Texas,Lynn,52996,73035
Texas,McCulloch,53214,73035
Texas,McLennan,59781,73035
Texas,McMullen,60313,73035
Texas,Madison,65768,73035
Texas,Marion,48040,73035
Texas,Martin,70217,73035
Texas,Mason,77583,73035
Texas,Matagorda,56412,73035
Texas,Maverick,48497,73035
Texas,Medina,73060,73035
Texas,Menard,40945,73035
Texas,Midland,90123,73035
Texas,Milam,56985,73035
Texas,Mills,59315,73035
Texas,Mitchell,49869,73035
Texas,Montague,63336,73035
Texas,Montgomery,95946,73035
Texas,Moore,59041,73035
Texas,Morris,51532,73035
Texas,Motley,66528,73035
Texas,Nacogdoches,51153,73035
Texas,Navarro,56261,73035
Texas,Newton,38871,73035
Texas,Nolan,47437,73035
Texas,Nueces,64027,73035
Texas,Ochiltree,62240,73035
Texas,Oldham,71103,73035
Texas,Orange,71910,73035
Texas,Palo Pinto,65242,73035
Texas,Panola,58205,73035
Texas,Parker,95721,73035
Texas,Parmer,65575,73035
Texas,Pecos,59325,73035
Texas,Polk,57315,73035
Texas,Potter,47974,73035
Texas,Presidio,29012,73035
Texas,Rains,60291,73035
Texas,Randall,78038,73035
Texas,Reagan,70319,73035
Texas,Real,46842,73035
Texas,Red River,44583,73035
Texas,Reeves,57487,73035
Texas,Refugio,54304,73035
Texas,Roberts,62667,73035
Texas,Robertson,59410,73035
Texas,Rockwall,121303,73035
Texas,Runnels,55424,73035
Texas,Rusk,61661,73035
Texas,Sabine,47061,73035
Texas,San Augustine,45888,73035
Texas,San Jacinto,54839,73035
Texas,San Patricio,63842,73035
Texas,San Saba,54087,73035
Texas,Schleicher,53774,73035
Texas,Scurry,58932,73035
Texas,Shackelford,60924,73035
Texas,Shelby,49231,73035
Texas,Sherman,66169,73035
Texas,Smith,69053,73035
Texas,Somervell,87899,73035
Texas,Starr,35979,73035
Texas,Stephens,44712,73035
Texas,Sterling,63558,73035
Texas,Stonewall,66591,73035
Texas,Sutton,56778,73035
Texas,Swisher,40290,73035
Texas,Tarrant,78872,73035
Texas,Taylor,61806,73035
Texas,Terrell,52813,73035
Texas,Terry,42694,73035
Texas,Throckmorton,55221,73035
Texas,Titus,57634,73035
Texas,Tom Green,67215,73035
Texas,Travis,92731,73035
Texas,Trinity,51165,73035
Texas,Tyler,50898,73035
Texas,Upshur,60456,73035
Texas,Upton,55284,73035
Texas,Uvalde,55000,73035
Texas,Val Verde,57250,73035
Texas,Van Zandt,62334,73035
Texas,Victoria,66308,73035
Texas,Walker,47193,73035
Texas,Waller,71643,73035
Texas,Ward,70771,73035
Texas,Washington,70043,73035
Texas,Webb,59984,73035
Texas,Wharton,59712,73035
Texas,Wheeler,58158,73035
Texas,Wichita,58862,73035
Texas,Wilbarger,50769,73035
Texas,Willacy,42839,73035
Texas,Williamson,102851,73035
Texas,Wilson,89708,73035
Texas,Winkler,89155,73035
Texas,Wise,85385,73035
Texas,Wood,61748,73035
Texas,Yoakum,80317,73035
Texas,Young,65565,73035
Texas,Zapata,35061,73035
Texas,Zavala,49243,73035
Utah,Beaver,80268,86833
Utah,Box Elder,72769,86833
Utah,Cache,72719,86833
Utah,Carbon,53734,86833
Utah,Daggett,61250,86833
Utah,Davis,101285,86833
Utah,Duchesne,70821,86833
Utah,Emery,67056,86833
Utah,Garfield,56481,86833
Utah,Grand,59171,86833
Utah,Iron,63005,86833
Utah,Juab,88048,86833
Utah,Kane,70327,86833
Utah,Millard,69403,86833
Utah,Morgan,120854,86833
Utah,Piute,33359,86833
Utah,Rich,69250,86833
Utah,Salt Lake,90011,86833
Utah,San Juan,52108,86833
Utah,Sanpete,64356,86833
Utah,Sevier,66972,86833
Utah,Summit,126392,86833
Utah,Tooele,95545,86833
Utah,Uintah,67983,86833
Utah,Utah,91263,86833
Utah,Wasatch,104855,86833
Utah,Washington,71976,86833
Utah,Wayne,64870,86833
Utah,Weber,82291,86833
Vermont,Addison,85870,74014
Vermont,Bennington,68558,74014
Vermont,Caledonia,62964,74014
Vermont,Chittenden,89494,74014
Vermont,Essex,55247,74014
Vermont,Franklin,73633,74014
Vermont,Grand Isle,86639,74014
Vermont,Lamoille,69886,74014
Vermont,Orange,74534,74014
Vermont,Orleans,63981,74014
Vermont,Rutland,62641,74014
Vermont,Washington,77278,74014
Vermont,Windham,65473,74014
Vermont,Windsor,69492,74014
Virginia,Accomack,52694,87249
Virginia,Albemarle,97708,87249
Virginia,Alleghany,52546,87249
Virginia,Amelia,63438,87249
Virginia,Amherst,64454,87249
Virginia,Appomattox,60041,87249
Virginia,Arlington,137387,87249
Virginia,Augusta,76124,87249
Virginia,Bath,55699,87249
Virginia,Bedford,74773,87249
Virginia,Bland,59901,87249
Virginia,Botetourt,77680,87249
Virginia,Brunswick,52678,87249
Virginia,Buchanan,39591,87249
Virginia,Buckingham,59894,87249
Virginia,Campbell,59022,87249
Virginia,Caroline,83562,87249
Virginia,Carroll,49113,87249
Virginia,Charles City,65573,87249
Virginia,Charlotte,51548,87249
Virginia,Chesterfield,95757,87249
Virginia,Clarke,107475,87249
Virginia,Craig,66286,87249
Virginia,Culpeper,92359,87249
Virginia,Cumberland,56497,87249
Virginia,Dickenson,40143,87249
Virginia,Dinwiddie,77225,87249
Virginia,Essex,52335,87249
Virginia,Fairfax,145165,87249
Virginia,Fauquier,122785,87249
Virginia,Floyd,57146,87249
Virginia,Fluvanna,90766,87249
Virginia,Franklin,66275,87249
Virginia,Frederick,92443,87249
Virginia,Giles,61987,87249
Virginia,Gloucester,83750,87249
Virginia,Goochland,105600,87249
Virginia,Grayson,43348,87249
Virginia,Greene,81338,87249
Virginia,Greensville,51823,87249
Virginia,Halifax,49145,87249
Virginia,Hanover,104678,87249
Virginia,Henrico,82424,87249
Virginia,Henry,43694,87249
Virginia,Highland,57070,87249
Virginia,Isle of Wight,91680,87249
Virginia,James City,100711,87249
Virginia,King and Queen,70147,87249
Virginia,King George,103264,87249
Virginia,King William,79398,87249
Virginia,Lancaster,62674,87249
Virginia,Lee,41619,87249
Virginia,Loudoun,170463,87249
Virginia,Louisa,76594,87249
Virginia,Lunenburg,54438,87249
Virginia,Madison,74586,87249
Virginia,Mathews,79054,87249
Virginia,Mecklenburg,51265,87249
Virginia,Middlesex,69389,87249
Virginia,Montgomery,65270,87249
Virginia,Nelson,64028,87249
Virginia,New Kent,113120,87249
Virginia,Northampton,54693,87249
Virginia,Northumberland,64655,87249
Virginia,Nottoway,62366,87249
Virginia,Orange,87309,87249
Virginia,Page,56760,87249
Virginia,Patrick,49180,87249
Virginia,Pittsylvania,52619,87249
Virginia,Powhatan,108089,87249
Virginia,Prince Edward,57304,87249
Virginia,Prince George,80318,87249
Virginia,Prince William,123193,87249
Virginia,Pulaski,59740,87249
Virginia,Rappahannock,98663,87249
Virginia,Richmond,62708,87249
Virginia,Roanoke,80872,87249
Virginia,Rockbridge,61903,87249
Virginia,Rockingham,73232,87249
Virginia,Russell,44088,87249
Virginia,Scott,44535,87249
Virginia,Shenandoah,62149,87249
Virginia,Smyth,45061,87249
Virginia,Southampton,67813,87249
Virginia,Spotsylvania,105068,87249
Virginia,Stafford,128036,87249
Virginia,Surry,68655,87249
Virginia,Sussex,59195,87249
Virginia,Tazewell,46508,87249
Virginia,Warren,79313,87249
Virginia,Washington,59116,87249
Virginia,Westmoreland,56647,87249
Virginia,Wise,47541,87249
Virginia,Wythe,53921,87249
Virginia,York,105154,87249
Virginia,Alexandria city,113179,87249
Virginia,Bristol city,45250,87249
Virginia,Buena Vista city,48783,87249
Virginia,Charlottesville city,67177,87249
Virginia,Chesapeake city,92703,87249
Virginia,Colonial Heights city,72216,87249
Virginia,Covington city,45737,87249
Virginia,Danville city,41484,87249
Virginia,Emporia city,41442,87249
Virginia,Fairfax city,128708,87249
Virginia,Falls Church city,164536,87249
Virginia,Franklin city,57537,87249
Virginia,Fredericksburg city,83445,87249
Virginia,Galax city,44612,87249
Virginia,Hampton city,64430,87249
Virginia,Harrisonburg city,56050,87249
Virginia,Hopewell city,50661,87249
Virginia,Lexington city,93651,87249
Virginia,Lynchburg city,56243,87249
Virginia,Manassas city,110559,87249
Virginia,Manassas Park city,91673,87249
Virginia,Martinsville city,39127,87249
Virginia,Newport News city,63355,87249
Virginia,Norfolk city,60998,87249
Virginia,Norton city,36974,87249
Virginia,Petersburg city,46930,87249
Virginia,Poquoson city,114503,87249
Virginia,Portsmouth city,57154,87249
Virginia,Radford city,51039,87249
Virginia,Richmond city,59606,87249
Virginia,Roanoke city,51523,87249
Virginia,Salem city,68402,87249
Virginia,Staunton city,59731,87249
Virginia,Suffolk city,87758,87249
Virginia,Virginia Beach city,87544,87249
Virginia,Waynesboro city,52519,87249
Virginia,Williamsburg city,66815,87249
Virginia,Winchester city,62495,87249
Washington,Adams,63105,90325
Washington,Asotin,63724,90325
Washington,Benton,83778,90325
Washington,Chelan,71876,90325
Washington,Clallam,66108,90325
Washington,Clark,90115,90325
Washington,Columbia,68825,90325
Washington,Cowlitz,70912,90325
Washington,Douglas,79422,90325
Washington,Ferry,50424,90325
Washington,Franklin,77877,90325
Washington,Garfield,57958,90325
Washington,Grant,66387,90325
Washington,Grays Harbor,59105,90325
Washington,Island,82850,90325
Washington,Jefferson,64796,90325
Washington,King,116340,90325
Washington,Kitsap,93675,90325
Washington,Kittitas,66800,90325
Washington,Klickitat,66581,90325
Washington,Lewis,67247,90325
Washington,Lincoln,68172,90325
Washington,Mason,74388,90325
Washington,Okanogan,58218,90325
Washington,Pacific,58889,90325
Washington,Pend Oreille,59353,90325
Washington,Pierce,91486,90325
Washington,San Juan,76745,90325
Washington,Skagit,82029,90325
Washington,Skamania,84500,90325
Washington,Snohomish,104083,90325
Washington,Spokane,70394,90325
Washington,Stevens,62381,90325
Washington,Thurston,88895,90325
Washington,Wahkiakum,59167,90325
Washington,Walla Walla,66635,90325
Washington,Whatcom,77581,90325
Washington,Whitman,49345,90325
Washington,Yakima,64910,90325
West Virginia,Barbour,44341,55217
West Virginia,Berkeley,73619,55217
West Virginia,Boone,56182,55217
West Virginia,Braxton,42245,55217
West Virginia,Brooke,51963,55217
West Virginia,Cabell,48944,55217
West Virginia,Calhoun,39031,55217
West Virginia,Clay,41530,55217
West Virginia,Doddridge,56587,55217
West Virginia,Fayette,50090,55217
West Virginia,Gilmer,51552,55217
West Virginia,Grant,52877,55217
West Virginia,Greenbrier,45519,55217
West Virginia,Hampshire,55222,55217
West Virginia,Hancock,57515,55217
West Virginia,Hardy,49205,55217
West Virginia,Harrison,56184,55217
West Virginia,Jackson,55173,55217
West Virginia,Jefferson,93744,55217
West Virginia,Kanawha,55226,55217
West Virginia,Lewis,50552,55217
West Virginia,Lincoln,50985,55217
West Virginia,Logan,42194,55217
West Virginia,McDowell,28235,55217
West Virginia,Marion,59974,55217
West Virginia,Marshall,58129,55217
West Virginia,Mason,53058,55217
West Virginia,Mercer,46409,55217
West Virginia,Mineral,64728,55217
West Virginia,Mingo,38305,55217
West Virginia,Monongalia,60893,55217
West Virginia,Monroe,52392,55217
West Virginia,Morgan,61021,55217
West Virginia,Nicholas,48826,55217
West Virginia,Ohio,55521,55217
West Virginia,Pendleton,52458,55217
West Virginia,Pleasants,59666,55217
West Virginia,Pocahontas,41680,55217
West Virginia,Preston,60136,55217
West Virginia,Putnam,75725,55217
West Virginia,Raleigh,47975,55217
West Virginia,Randolph,51186,55217
West Virginia,Ritchie,48973,55217
West Virginia,Roane,41299,55217
West Virginia,Summers,42991,55217
West Virginia,Taylor,52946,55217
West Virginia,Tucker,54053,55217
West Virginia,Tyler,59167,55217
West Virginia,Upshur,49663,55217
West Virginia,Wayne,52694,55217
West Virginia,Webster,43409,55217
West Virginia,Wetzel,50715,55217
West Virginia,Wirt,52776,55217
West Virginia,Wood,54350,55217
West Virginia,Wyoming,44510,55217
Wisconsin,Adams,55223,72458
Wisconsin,Ashland,57000,72458
Wisconsin,Barron,59379,72458
Wisconsin,Bayfield,67266,72458
Wisconsin,Brown,74066,72458
Wisconsin,Buffalo,64238,72458
Wisconsin,Burnett,60466,72458
Wisconsin,Calumet,84151,72458
Wisconsin,Chippewa,69815,72458
Wisconsin,Clark,63187,72458
Wisconsin,Columbia,79271,72458
Wisconsin,Crawford,60823,72458
Wisconsin,Dane,84297,72458
Wisconsin,Dodge,71747,72458
Wisconsin,Door,68257,72458
Wisconsin,Douglas,64682,72458
Wisconsin,Dunn,69721,72458
Wisconsin,Eau Claire,70127,72458
Wisconsin,Florence,58049,72458
Wisconsin,Fond du Lac,70368,72458
Wisconsin,Forest,55552,72458
Wisconsin,Grant,63497,72458
Wisconsin,Green,76080,72458
Wisconsin,Green Lake,66395,72458
Wisconsin,Iowa,79226,72458
Wisconsin,Iron,55777,72458
Wisconsin,Jackson,64630,72458
Wisconsin,Jefferson,77018,72458
Wisconsin,Juneau,63455,72458
Wisconsin,Kenosha,76583,72458
Wisconsin,Kewaunee,77610,72458
Wisconsin,La Crosse,68731,72458
Wisconsin,Lafayette,69293,72458
Wisconsin,Langlade,55091,72458
Wisconsin,Lincoln,64314,72458
Wisconsin,Manitowoc,66412,72458
Wisconsin,Marathon,73248,72458
Wisconsin,Marinette,60347,72458
Wisconsin,Marquette,59748,72458
Wisconsin,Menominee,62194,72458
Wisconsin,Milwaukee,59319,72458
Wisconsin,Monroe,66451,72458
Wisconsin,Oconto,73611,72458
Wisconsin,Oneida,66111,72458
Wisconsin,Outagamie,78705,72458
Wisconsin,Ozaukee,92258,72458
Wisconsin,Pepin,70833,72458
Wisconsin,Pierce,82996,72458
Wisconsin,Polk,74142,72458
Wisconsin,Portage,71301,72458
Wisconsin,Price,55822,72458
Wisconsin,Racine,72658,72458
Wisconsin,Richland,61985,72458
Wisconsin,Rock,70630,72458
Wisconsin,Rusk,57473,72458
Wisconsin,St. Croix,97950,72458
Wisconsin,Sauk,72930,72458
Wisconsin,Sawyer,57519,72458
Wisconsin,Shawano,65493,72458
Wisconsin,Sheboygan,68969,72458
Wisconsin,Taylor,61360,72458
Wisconsin,Trempealeau,68474,72458
Wisconsin,Vernon,65177,72458
Wisconsin,Vilas,63726,72458
Wisconsin,Walworth,75172,72458
Wisconsin,Washburn,58504,72458
Wisconsin,Washington,91915,72458
Wisconsin,Waukesha,101639,72458
Wisconsin,Waupaca,69198,72458
Wisconsin,Waushara,61033,72458
Wisconsin,Winnebago,70041,72458
Wisconsin,Wood,63273,72458
Wyoming,Albany,55887,72495
Wyoming,Big Horn,61262,72495
Wyoming,Campbell,93315,72495
Wyoming,Carbon,65196,72495
Wyoming,Converse,79235,72495
Wyoming,Crook,68876,72495
Wyoming,Fremont,60030,72495
Wyoming,Goshen,62356,72495
Wyoming,Hot Springs,64031,72495
Wyoming,Johnson,60667,72495
Wyoming,Laramie,76282,72495
Wyoming,Lincoln,83033,72495
Wyoming,Natrona,69104,72495
Wyoming,Niobrara,54375,72495
Wyoming,Park,66754,72495
Wyoming,Platte,64753,72495
Wyoming,Sheridan,68898,72495
Wyoming,Sublette,85960,72495
Wyoming,Sweetwater,79375,72495
Wyoming,Teton,108279,72495
Wyoming,Uinta,78164,72495
Wyoming,Washakie,61875,72495
Wyoming,Weston,71800,72495
Puerto Rico,Adjuntas Municipio,17659,24002
Puerto Rico,Aguada Municipio,20301,24002
Puerto Rico,Aguadilla Municipio,18348,24002
Puerto Rico,Aguas Buenas Municipio,23160,24002
Puerto Rico,Aibonito Municipio,22511,24002
Puerto Rico,Aasco Municipio,22673,24002
Puerto Rico,Arecibo Municipio,21799,24002
Puerto Rico,Arroyo Municipio,18496,24002
Puerto Rico,Barceloneta Municipio,20282,24002
Puerto Rico,Barranquitas Municipio,21262,24002
Puerto Rico,Bayamn Municipio,29403,24002
Puerto Rico,Cabo Rojo Municipio,23077,24002
Puerto Rico,Caguas Municipio,29279,24002
Puerto Rico,Camuy Municipio,23263,24002
Puerto Rico,Canvanas Municipio,26021,24002
Puerto Rico,Carolina Municipio,32888,24002
Puerto Rico,Catao Municipio,22407,24002
Puerto Rico,Cayey Municipio,26704,24002
Puerto Rico,Ceiba Municipio,22945,24002
Puerto Rico,Ciales Municipio,19618,24002
Puerto Rico,Cidra Municipio,25580,24002
Puerto Rico,Coamo Municipio,20569,24002
Puerto Rico,Comero Municipio,16153,24002
Puerto Rico,Corozal Municipio,21670,24002
Puerto Rico,Culebra Municipio,25483,24002
Puerto Rico,Dorado Municipio,31485,24002
Puerto Rico,Fajardo Municipio,24309,24002
Puerto Rico,Florida Municipio,21560,24002
Puerto Rico,Gunica Municipio,14525,24002
Puerto Rico,Guayama Municipio,19165,24002
Puerto Rico,Guayanilla Municipio,21312,24002
Puerto Rico,Guaynabo Municipio,43304,24002
Puerto Rico,Gurabo Municipio,39533,24002
Puerto Rico,Hatillo Municipio,24407,24002
Puerto Rico,Hormigueros Municipio,22542,24002
Puerto Rico,Humacao Municipio,25940,24002
Puerto Rico,Isabela Municipio,19965,24002
Puerto Rico,Jayuya Municipio,18363,24002
Puerto Rico,Juana Daz Municipio,23035,24002
Puerto Rico,Juncos Municipio,25931,24002
Puerto Rico,Lajas Municipio,17131,24002
Puerto Rico,Lares Municipio,18844,24002
Puerto Rico,Las Maras Municipio,16506,24002
Puerto Rico,Las Piedras Municipio,23193,24002
Puerto Rico,Loza Municipio,21306,24002
Puerto Rico,Luquillo Municipio,22585,24002
Puerto Rico,Manat Municipio,20385,24002
Puerto Rico,Maricao Municipio,20133,24002
Puerto Rico,Maunabo Municipio,21951,24002
Puerto Rico,Mayagez Municipio,16788,24002
Puerto Rico,Moca Municipio,20331,24002
Puerto Rico,Morovis Municipio,22282,24002
Puerto Rico,Naguabo Municipio,20486,24002
Puerto Rico,Naranjito Municipio,20616,24002
Puerto Rico,Orocovis Municipio,16869,24002
Puerto Rico,Patillas Municipio,20778,24002
Puerto Rico,Peuelas Municipio,20072,24002
Puerto Rico,Ponce Municipio,18994,24002
Puerto Rico,Quebradillas Municipio,20209,24002
Puerto Rico,Rincn Municipio,26771,24002
Puerto Rico,Ro Grande Municipio,25963,24002
Puerto Rico,Sabana Grande Municipio,20464,24002
Puerto Rico,Salinas Municipio,20123,24002
Puerto Rico,San Germn Municipio,17862,24002
Puerto Rico,San Juan Municipio,26111,24002
Puerto Rico,San Lorenzo Municipio,19629,24002
Puerto Rico,San Sebastin Municipio,17557,24002
Puerto Rico,Santa Isabel Municipio,22680,24002
Puerto Rico,Toa Alta Municipio,32456,24002
Puerto Rico,Toa Baja Municipio,28719,24002
Puerto Rico,Trujillo Alto Municipio,35821,24002
Puerto Rico,Utuado Municipio,17164,24002
Puerto Rico,Vega Alta Municipio,24778,24002
Puerto Rico,Vega Baja Municipio,23701,24002
Puerto Rico,Vieques Municipio,17062,24002
Puerto Rico,Villalba Municipio,22461,24002
Puerto Rico,Yabucoa Municipio,19972,24002
Puerto Rico,Yauco Municipio,19827,24002
